,Word,Accent index
0,a,0
1,ȁ,1
2,ȃ,1
3,A,0
4,abecéda,5
5,abecèdārij,5
6,abecedírati,7
7,ȁbecēdnī,1
8,ȁblatīv,1
9,abortírati,6
10,abòrtus,3
11,àbrāzija,1
12,acètāt,3
13,acetìlēn,5
14,ȁcidofīlan,1
15,adaptácija,6
16,adaptírati,6
17,àdhēzija,1
18,adícija,3
19,adírati,3
20,administrácija,10
21,ȁdministratīvnī,1
22,adminìstrātor,6
23,adminìstrātorica,6
24,adminìstrātoričin,6
25,admìrāl,4
26,admiràlica,6
27,admiràličin,6
28,admiralìtēt,8
29,admìrālskī,4
30,adolescèncija,8
31,adolèscent,5
32,adolèscentica,5
33,adolèscentičin,5
34,adrenàlīn,6
35,adrèsa,4
36,àdresnī,1
37,àdvent,1
38,àdventskī,1
39,advòkāt,4
40,advokàtica,6
41,advokàtičin,6
42,advòkātskī,4
43,ȁerōb,1
44,aeròbik,4
45,aeròbika,4
46,ȁerobnī,1
47,aerodinàmičkī,8
48,aerodinàmika,8
49,aeròdrom,4
50,ȁerofōnskī,1
51,aerostàtičkī,7
52,aerostàtika,7
53,aféra,3
54,àfiks,1
55,afirmírati,6
56,aforìstičan,5
57,aforìzam,5
58,afrikáta,6
59,afrìkātnī,4
60,afroàzījskī,5
61,àga,1
62,agáma,3
63,agáva,3
64,agèncija,3
65,agèncījskī,3
66,àgent,1
67,àgentica,1
68,àgentičin,1
69,àginica,1
70,àginičin,1
71,agitácija,5
72,agìtātor,3
73,agìtātorica,3
74,agìtātoričin,3
75,agìtātorskī,3
76,agitírānje,5
77,agitírati,5
78,aglomerácija,8
79,agònija,3
80,ȁgora,1
81,àgrār,1
82,àgrārnī,1
83,agregácija,6
84,agregácījskī,6
85,agrègāt,4
86,agrèsija,4
87,ȁgresīvan,1
88,agresívnōst,6
89,agrònom,4
90,agronòmija,6
91,agrònomka,4
92,agrònomskī,4
93,agrotèhničkī,6
94,agrotèhnika,6
95,àgrum,1
96,ȁh,1
97,àhā,1
98,AIDS,0
99,ȁj,1
100,àjme,1
101,àkācija,1
102,akadèmija,5
103,akadèmik,5
104,akadèmkinja,5
105,akàdemskī,3
106,akcelerácija,8
107,akcelerácījskī,8
108,akcelèrātor,6
109,àkcenatskī,1
110,àkcent,1
111,akcentírati,7
112,àkcija,1
113,àkcījskī,1
114,ȁkciōnī,1
115,àkna,1
116,àko,1
117,àkord,1
118,akreditácija,8
119,akreditírati,8
120,akrobácija,6
121,akròbat,4
122,akrobàtika,6
123,akròbatkinja,4
124,akròbatskī,4
125,akrònīm,4
126,akròpola,4
127,ȁkrostih,1
128,aksìōm,4
129,aktìnīdija,4
130,àktīv,1
131,ȁktīv,1
132,àktīvan,1
133,aktivírānje,6
134,aktivírati,6
135,aktìvist,4
136,aktìvistica,4
137,aktìvističin,4
138,àktīvnī,1
139,aktívnōst,4
140,ȁktuālan,1
141,ȁktuēlan,1
142,akumulácija,7
143,akumulácījskī,7
144,akumùlātor,5
145,akumulírati,7
146,akùstičan,3
147,akùstičkī,3
148,akùstičnōst,3
149,akùstika,3
150,ȁkuzatīv,1
151,akvakultúra,9
152,akvàrel,4
153,àkvārij,1
154,àkvārijskī,1
155,akvèdukt,4
156,akvizìtēr,6
157,akvizìtērka,6
158,akvizìtērskī,6
159,àlarm,1
160,alarmàntan,6
161,àlarmnī,1
162,àlāt,1
163,àlātnī,1
164,àlbānskī,1
165,albinìzam,6
166,àlbūm,1
167,alegòričan,5
168,alegòrija,5
169,alegòrījskī,5
170,aléja,3
171,ȁlergēn,1
172,alèrgičan,3
173,alèrgija,3
174,alèrgījskī,3
175,alfàbet,4
176,alfàbetnī,4
177,ȃlga,1
178,algàšica,4
179,àlgebarskī,1
180,àlgebra,1
181,algorìtam,6
182,algorìtamskī,6
183,àli,1
184,àlībi,1
185,alìgātor,3
186,alijànsa,5
187,alimentácija,8
188,aliterácija,7
189,b,0
190,B,0
191,bȁba,2
192,babaróga,6
193,bȁbić,2
194,babìnjača,4
195,bàbīnje,2
196,bàbura,2
197,bàcāč,2
198,bacàčica,4
199,bacàčičin,4
200,bàcāčkī,2
201,bàcānje,2
202,bàcati,2
203,bàcīl,2
204,báciti,2
205,bȁčva,2
206,bȁčvār,2
207,bȁčvārev,2
208,bȁčvarica,2
209,bȁčvaričin,2
210,bȁčvārov,2
211,bȁčvārskī,2
212,bačvárstvo,5
213,bȁčvast,2
214,bàdanj,2
215,badàva,4
216,bádem,2
217,bádemov,2
218,bȁdminton,2
219,bȁdnjāk,2
220,bȁdnjī,2
221,badr̀ljica,5
222,báger,2
223,bàgrem,2
224,bàhat,2
225,bàhato,2
226,bàhatōst,2
227,bàjam,2
228,bàjamov,2
229,bȃjka,2
230,bajkòvit,5
231,Bàjram,2
232,bàjramskī,2
233,bȁjt,2
234,báka,2
235,bakàlār,4
236,bàkar,2
237,bakèlīt,4
238,bakláva,5
239,bȁklja,2
240,bàkren,2
241,bȁkrorēz,2
242,bàkrov,2
243,bàktērija,2
244,bàktērījskī,2
245,bakteriològija,10
246,bakteriòloškī,8
247,bȃl,2
248,bȁla,2
249,baláda,4
250,balàncāna,4
251,bàlans,2
252,balansírati,7
253,bàlast,2
254,bȁlavac,2
255,bȁlāvčev,2
256,bȁlavica,2
257,bȁlavičin,2
258,bȁle,2
259,balerína,6
260,bàlestra,2
261,bàlēt,2
262,balètān,4
263,bàlētnī,2
264,bàlista,2
265,balìstičkī,4
266,balìstika,4
267,bàlkōn,2
268,bàlkōnskī,2
269,bàlōn,2
270,bàlūn,2
271,bàlzam,2
272,balzamírānje,7
273,balzamírati,7
274,bàmbus,2
275,bȃn,2
276,bànālan,2
277,banalizírati,8
278,banána,4
279,bȃnda,2
280,bàndīt,2
281,bànditkinja,2
282,bánka,2
283,bànkār,2
284,bankárev,5
285,bankàrica,5
286,bankàričin,5
287,bankárov,5
288,bànkārskī,2
289,bankárstvo,5
290,bànkēt,2
291,bankòmāt,5
292,bànkōvnī,2
293,bànkrot,2
294,bankrotírati,8
295,bánovina,2
296,bȃnskī,2
297,bànuti,2
298,bȁobab,2
299,bȃr,2
300,bȁr,2
301,bar,0
302,bȁra,2
303,baràka,4
304,bȃrba,2
305,bȁrbarin,2
306,barbarìzam,7
307,bȁrbarskī,2
308,bȁrbarski,2
309,barbárstvo,5
310,bȁrd,2
311,bàrem,2
312,bȃrij,2
313,barijéra,6
314,bȃrijev,2
315,barikáda,6
316,bàriton,2
317,bàrjāk,2
318,bȃrka,2
319,bȁrnjāk,2
320,bàrok,2
321,bàroknī,2
322,barokòmora,6
323,bàrometar,2
324,bàrometarskī,2
325,bȃrskī,2
326,bàršūn,2
327,baršùnast,5
328,bàrūn,2
329,barùnica,4
330,barùničin,4
331,bárut,2
332,barutàna,6
333,bárutnī,2
334,bȁs,2
335,bàsist,2
336,bàsistica,2
337,bàsističin,2
338,bàskījskī,2
339,bȁsna,2
340,basnopísac,7
341,basnopíščev,7
342,bȁš,2
343,báština,2
344,báštiniti,2
345,bȁt,2
346,batèrija,4
347,batèrījskī,4
348,bàtić,2
349,bàtina,2
350,bȁūk,2
351,bȁviti,2
352,bȁvljēnje,2
353,báza,2
354,bàzālnī,2
355,bàzēn,2
356,bázga,2
357,bàzgov,2
358,bàzičnī,2
359,bazìlika,4
360,bȃznī,2
361,bdjénje,4
362,bdjȅti,4
363,bȇ,2
364,beatificírati,9
365,beatifikácija,9
366,béba,2
367,bèćār,2
368,bećárac,4
369,bećárev,4
370,bećárov,4
371,bèćārskī,2
372,bèdem,2
373,bèdrenī,2
374,bèdro,2
375,bedùīn,4
376,bedùīnka,4
377,c,0
378,C,0
379,caklènjača,5
380,càklina,2
381,cal,0
382,cȁr,2
383,cȁrev,2
384,cȁrevānje,2
385,cȁrevati,2
386,cȁrević,2
387,cȁrevina,2
388,cȁrēvna,2
389,cȁrica,2
390,cȁričin,2
391,cȁrina,2
392,carinárnica,6
393,cȁrinica,2
394,cȁriničin,2
395,cȁrinīk,2
396,cȁriniti,2
397,cȁrīnskī,2
398,cȁrinjēnje,2
399,carìstičkī,4
400,carìzam,4
401,cȃrskī,2
402,cȃrski,2
403,cȃrstvo,2
404,CD,0
405,cȅdar,2
406,cȅdrov,2
407,cȅdrovina,2
408,cèdulja,2
409,cȅh,2
410,cȅhovskī,2
411,cèkīn,2
412,cȅler,2
413,celìbāt,4
414,celòfān,4
415,celòfānskī,4
416,celulóza,6
417,cȇlzij,2
418,cèment,2
419,cemèntara,4
420,cementírati,7
421,cèmentnī,2
422,cȅndrānje,2
423,cȅndrati,2
424,cȅnt,2
425,cȇnta,2
426,cȅntar,2
427,cèntilitar,2
428,cèntimetar,2
429,centrála,6
430,centralìstičkī,8
431,centralizácija,10
432,centralìzam,8
433,centralízirati,8
434,cèntrālnī,2
435,centralnosimètričan,13
436,centrifúga,8
437,centrifùgālan,8
438,centrifugírati,10
439,centripètālan,8
440,centròsōm,6
441,cȅnzor,2
442,cȅnzorica,2
443,cȅnzoričin,2
444,cȅnzorskī,2
445,cenzúra,5
446,cenzurírati,7
447,cȅpelīn,2
448,ceremònija,6
449,cȅriti,2
450,cèsta,2
451,cestàrina,5
452,cèstōvnī,2
453,cȇzij,2
454,cȇzijev,2
455,cezúra,4
456,cȉč,2
457,cȉča,2
458,cìferšlus,2
459,cigára,4
460,cigarèta,6
461,cígla,2
462,ciglàna,5
463,cijéditi,4
464,cijéđēnje,4
465,cijȇl,4
466,cijéliti,4
467,cijȇlō,4
468,cijélōst,4
469,cijéljeti,4
470,cijéna,4
471,cijéniti,4
472,cijȇnjen,4
473,cijȇp,4
474,cijépānje,4
475,cijépati,4
476,cijépiti,4
477,cijépljēnje,4
478,cijȇv,4
479,cijȇvka,4
480,cȉjū,2
481,cijúkānje,4
482,cijúkati,4
483,cȉkas,2
484,cȉk-cȁk,2
485,cȉkla,2
486,cikláma,5
487,cìkličnī,2
488,ciklògraf,5
489,cìklōn,2
490,ciklóna,5
491,cìklop,2
492,cìklus,2
493,cikòrija,4
494,cȋlija,2
495,cilìndar,4
496,cȋlj,2
497,cíljānje,2
498,cíljati,2
499,cȋljnī,2
500,cȋljnīk,2
501,cȋmbal,2
502,cimbàlist,5
503,cimbàlistica,5
504,cimbàlističin,5
505,cìmet,2
506,cìnčanī,2
507,cìničan,2
508,cìnično,2
509,cìničnōst,2
510,cìnik,2
511,cinìzam,4
512,cȉnk,2
513,cȉnkov,2
514,cȉo,2
515,cȉpal,2
516,cìpela,2
517,cirkulácija,7
518,cirkulírati,7
519,cìrkus,2
520,cirkùsant,5
521,cirkùsantica,5
522,cirkùsantičin,5
523,cìrkuskī,2
524,ciróza,4
525,cȉsta,2
526,cìstērna,2
527,cistòzira,5
528,citadèla,6
529,cìtāt,2
530,citírānje,4
531,citírati,4
532,citoplàzma,7
533,cȉtra,2
534,cìvīl,2
535,civilizácija,8
536,civilizácījskī,8
537,civilìzīrān,6
538,civilìzīrānōst,6
539,civilizírati,8
540,cìvīlnī,2
541,cjèdilo,3
542,cjèdīljka,3
543,cjelìna,5
544,cjelívati,5
545,cjelòdnēvnī,5
546,cjelòkupan,5
547,cjelòkupnōst,5
548,cjèlov,3
549,cjelovèčērnjī,7
550,cjelòvit,5
551,cjelòvitōst,5
552,cjènīk,3
553,cjȅnkati,3
554,cjepànica,5
555,cjepìdlačiti,5
556,cjȅpīvo,3
557,cjȅpkati,3
558,cjevànica,5
559,cjȅvast,3
560,cjèvčica,3
561,cjȅvovōd,3
562,cL,0
563,cm,0
564,cmȉzdrēnje,3
565,cmȉzdriti,3
566,cmȍk,3
567,crijȇp,5
568,d,0
569,dȁ,2
570,dȁbar,2
571,dȁća,2
572,dàdilja,2
573,dag,0
574,dȁgnja,2
575,dȃh,2
576,dàhija,2
577,dàhnuti,2
578,dàhtati,2
579,dakàko,4
580,dȁklē,2
581,daktilògraf,7
582,daktilògrafkinja,7
583,daktiloskòpija,10
584,dàlāj-lȁma,2
585,dàlek,2
586,dalèko,4
587,dalekòmetan,6
588,dalekopìsāč,8
589,dalekòsēžan,6
590,dalekòsēžnōst,6
591,dalekòvidan,6
592,dalekòvidnōst,6
593,dalekòvod,6
594,dalekòzor,6
595,dȃlija,2
596,dalmatínac,7
597,dàlmatskī,2
598,dàlton,2
599,daltònist,5
600,daltònistica,5
601,daltònističin,5
602,daltonìstičkī,7
603,daltonìzam,7
604,daljìna,5
605,dàljīnskī,2
606,dȃljnjī,2
607,dáma,2
608,dȃn,2
609,dának,2
610,dȁnak,2
611,dànas,2
612,dànašnjī,2
613,dànašnjica,2
614,dȃn-dànas,2
615,dànguba,2
616,dániti,2
617,dȁnomicē,2
618,dȁnonoćnī,2
619,dȃnskī,2
620,dȃnjī,2
621,dȃnju,2
622,dapàče,4
623,dȃr,2
624,darèžljiv,4
625,darèžljivōst,4
626,darívānje,4
627,darìvatelj,4
628,darivatèljica,8
629,darivatèljičin,8
630,darìvateljskī,4
631,darívati,4
632,daròvati,4
633,daròvit,4
634,daròvitōst,4
635,daróvnica,4
636,dàska,2
637,dàskānje,2
638,dàskāš,2
639,daskàšica,5
640,daskàšičin,5
641,dàskati,2
642,dášak,2
643,dàščara,2
644,dàščica,2
645,dȁti,2
646,datírati,4
647,dȁtīv,2
648,datotéka,6
649,dȁtulja,2
650,dátum,2
651,dátumskī,2
652,dàvalac,2
653,dávānje,2
654,dàvaočev,2
655,dàvatelj,2
656,dàvateljev,2
657,davatèljica,6
658,davatèljičin,6
659,dàvateljskī,2
660,dávati,2
661,dávež,2
662,dáviti,2
663,dȃvnī,2
664,davnìna,5
665,dávno,2
666,dȁžbina,2
667,dȁžd,2
668,daždèvnjāk,5
669,dB,0
670,DDT,0
671,deagrarizácija,10
672,debàta,4
673,debèlo,4
674,debéljko,4
675,dèbeo,2
676,dèbīl,2
677,déblo,2
678,dèbljānje,2
679,dèbljati,2
680,debljìna,6
681,decentralizácija,12
682,dȅci,2
683,dècibel,2
684,dècilitar,2
685,decimála,6
686,dècimālnī,2
687,dècimetar,2
688,dȅčko,2
689,deducírati,6
690,dedùkcija,4
691,dedùkcījskī,4
692,defektòlog,7
693,defektològija,9
694,defektòloginja,7
695,defektòloškī,7
696,dȅficit,2
697,definícija,6
698,definírānje,6
699,definírati,6
700,dȅfinitīvan,2
701,deflácija,5
702,deflácījskī,5
703,dȅflatōran,2
704,deformácija,7
705,deformírānje,7
706,deformírati,7
707,degenerírati,8
708,dègēnija,2
709,degradácija,7
710,degradírati,7
711,dehidrácija,7
712,deìzam,3
713,dȅka,2
714,dekáda,4
715,dèkādnī,2
716,dèkādskī,2
717,dèkagram,2
718,dèkān,2
719,dekànāt,4
720,dekànica,4
721,dekàničin,4
722,dèkānskī,2
723,dekantírati,7
724,deklarácija,7
725,dȅklaratīvnī,2
726,deklarírati,7
727,deklinácija,7
728,deklinírati,7
729,dekomprèsija,8
730,dèkōr,2
731,dekorácija,6
732,dȅkoratīvnī,2
733,dèkrēt,2
734,delegácija,6
735,delègāt,4
736,delègatkinja,4
737,delègātskī,4
738,dèlfīn,2
739,delikatèsa,8
740,dȅlta,2
741,demantírati,7
742,dȅminutīv,2
743,demìžōn,4
744,demogeogràfija,10
745,demogràfija,7
746,demògrafskī,4
747,demokràcija,7
748,demòkrat,4
749,demòkratkinja,4
750,demòkratskī,4
751,dèmōn,2
752,dèmōnskī,2
753,demonstrácija,9
754,demònstrant,4
755,demònstrantica,4
756,demònstrantičin,4
757,e,0
758,ȇ,1
759,e-adrèsa,6
760,ȅda,1
761,èdikt,1
762,èditor,1
763,èfekt,1
764,èfektan,1
765,efìkasan,3
766,efìkasnōst,3
767,egòist,3
768,egòistica,3
769,egoìstičan,4
770,egòističin,3
771,egoìstično,4
772,egoìzam,4
773,ègzēm,1
774,egzistèncija,7
775,ȅgzistencijālnī,1
776,egzistèncījskī,7
777,egzódus,4
778,egzòrcist,4
779,egzorcìstičkī,7
780,egzorcìzam,7
781,egzòtičan,4
782,egzòtika,4
783,ȅh,1
784,èhē,1
785,ehinòkōk,5
786,ȇj,1
787,ékavica,1
788,ékavskī,1
789,èkcēm,1
790,ekípa,3
791,èkīpnī,1
792,eklìptika,4
793,ȅkocīd,1
794,ekòlog,3
795,ekològija,5
796,ekòloginja,3
797,ekòloškī,3
798,ekònīm,3
799,ekonofìzika,7
800,ekonòmičan,5
801,ekonòmičnōst,5
802,ekonòmija,5
803,ekonòmist,5
804,ekonòmistica,5
805,ekonòmističin,5
806,ekònomskī,3
807,ekosústav,5
808,èkrān,1
809,ekscèntričan,5
810,ekscèntričnōst,5
811,èksces,1
812,ȅkskluzīvān,1
813,ekskùrzija,5
814,ekspànzija,5
815,ekspedícija,7
816,eksperìment,7
817,eksperimèntālnī,9
818,eksperimentírati,12
819,èkspert,1
820,èkspertica,1
821,èkspertičin,1
822,eksplìcitan,6
823,eksploatácija,9
824,eksploatírati,9
825,eksplodírati,8
826,eksplózija,6
827,eksplòzīv,6
828,ȅksplozīvan,1
829,ekspònāt,5
830,ekspònent,5
831,èksport,1
832,ekspozícija,7
833,ekspresiònist,9
834,ekspresiònistica,9
835,ekspresiònističin,9
836,ekspresionìstičkī,11
837,ekspresionìzam,11
838,èkspresnī,1
839,ȅkstazi,1
840,ȅkstenzīvan,1
841,eksterìjēr,7
842,ȅkstranet,1
843,ekstravagàntan,10
844,èkstrēman,1
845,ekstrèmist,6
846,ekstrèmistica,6
847,ekstrèmističin,6
848,ekstremìstičkī,8
849,ekstremìzam,8
850,ekstrovèrtīrān,8
851,ekstrovèrtīrānōst,8
852,ekuména,5
853,ekumenìzam,7
854,ȅkumēnskī,1
855,èkvātor,1
856,èkvātorskī,1
857,ekvidistàncija,9
858,ekvìnōcij,4
859,ekvivalèncija,8
860,ekvivàlent,6
861,ekvivalèntan,8
862,elabòrāt,5
863,elaborírati,7
864,èlān,1
865,elàstičan,3
866,elàstičnōst,3
867,elastòmēr,6
868,elegàncija,5
869,elegàntan,5
870,elegàntno,5
871,elègičan,3
872,elègija,3
873,elègījskī,3
874,elektràna,7
875,elektricìtēt,9
876,elèktričār,3
877,elèktričārev,3
878,elèktričārka,3
879,elèktričārov,3
880,elèktričārskī,3
881,elèktričnī,3
882,elektrificírati,11
883,elektrifikácija,11
884,elèktrika,3
885,elektrizírānje,9
886,elektrizírati,9
887,elektróda,7
888,elektrodinàmičkī,11
889,elektrodinàmika,11
890,elektròlīt,7
891,elektròlītnī,7
892,elektrolíza,9
893,elektromàgnēt,9
894,elektromagnetìzam,14
895,elektromàgnētskī,9
896,elektromòtōr,9
897,elèktrōn,3
898,elektròničār,7
899,elektròničārev,7
900,elektròničārka,7
901,elektròničārov,7
902,elektròničkī,7
903,elektrònika,7
904,elèktrōnskī,3
905,elèktronvolt,3
906,elektròskop,7
907,elektrostàtičkī,10
908,elektrostàtika,10
909,elektrotèhničār,9
910,elektrotèhničārev,9
911,elektrotèhničārka,9
912,elektrotèhničārov,9
913,elektrotèhničkī,9
914,elektrotèhnika,9
915,elèment,3
916,ȅlementārnī,1
917,elìksīr,3
918,eliminácija,7
919,eliminírati,7
920,elìpsa,3
921,elìptičan,3
922,elìsa,3
923,elìta,3
924,èlitnī,1
925,èmajl,1
926,emajlírānje,6
927,emajlírati,6
928,emancipácija,8
929,emancipírati,8
930,embàrgo,4
931,ȅmbrij,1
932,ȅmbrījskī,1
933,ȅmbrio,1
934,emigrácija,6
935,emìgrant,3
936,emìgrantica,3
937,emìgrantičin,3
938,emìgrantskī,3
939,emigrírati,6
940,emìsija,3
941,emitírānje,5
942,emitírati,5
943,emócija,3
944,ȅmocionālnī,1
945,emocionálnōst,8
946,emotìkōn,5
947,emòtīv,3
948,f,0
949,F,0
950,fȃ,2
951,fȁbula,2
952,fàgot,2
953,fagòtist,4
954,fagòtistica,4
955,fagòtističin,4
956,fàkīr,2
957,fȁks,2
958,fȁktor,2
959,faktúra,5
960,fȁkultatīvan,2
961,fȁkultatīvnī,2
962,fakùltēt,4
963,fakùltētskī,4
964,fàlkuša,2
965,falsificírati,9
966,falsifìkāt,7
967,falsifìkātor,7
968,falsifìkātorica,7
969,falsifìkātoričin,7
970,fàmīlija,2
971,fanàtičan,4
972,fanàtik,4
973,fanàtikinja,4
974,fanatìzam,6
975,fànfara,2
976,fantàstičan,5
977,fantàstika,5
978,fàntāzija,2
979,fantazírānje,7
980,fantazírati,7
981,fàntōm,2
982,fàntōmskī,2
983,fȃr,2
984,fàrad,2
985,faràōn,4
986,faràōnskī,4
987,farìzēj,4
988,farìzējka,4
989,farìzējskī,4
990,farizéjstvo,6
991,fȃrma,2
992,farmacèut,7
993,farmacèutkinja,7
994,fàrmācija,2
995,fàrmer,2
996,fàrmerica,2
997,fàrmeričin,2
998,fàrmerskī,2
999,fasáda,4
1000,fàsādnī,2
1001,fascìkl,5
1002,fascinàntan,7
1003,fascinírati,7
1004,fasèta,4
1005,fàšist,2
1006,fàšistica,2
1007,fàšističin,2
1008,fašìstičkī,4
1009,fašìzam,4
1010,fȁšničkī,2
1011,fȁšnīk,2
1012,fȁtālan,2
1013,fàuna,2
1014,favèla,4
1015,favòrīt,4
1016,favòritkinja,4
1017,fáza,2
1018,fàzān,2
1019,federácija,6
1020,federalìzam,8
1021,fȅderālnī,2
1022,fȅderatīvnī,2
1023,fefèrōn,4
1024,fèlāh,2
1025,fèljtōn,2
1026,fèljtōnskī,2
1027,femìnistica,4
1028,femìnističin,4
1029,feminìstičkī,6
1030,feminìzam,6
1031,fȇn,2
1032,fèniks,2
1033,fenolftalèīn,10
1034,fenòmēn,4
1035,fȅnomenālan,2
1036,fènjer,2
1037,fèrāl,2
1038,fèredža,2
1039,fèrment,2
1040,fermentácija,8
1041,fermentírānje,8
1042,fermentírati,8
1043,feròmōn,4
1044,fȅs,2
1045,festìvāl,5
1046,festìvālskī,5
1047,fétus,2
1048,fèud,2
1049,feudálac,5
1050,feudálčev,5
1051,feudalìzam,7
1052,feùdālka,3
1053,fȅudālnī,2
1054,fȉbula,2
1055,fićùkati,4
1056,figúra,4
1057,figùrica,4
1058,fijáker,4
1059,fȉjū,2
1060,fijúkati,4
1061,fìkcija,2
1062,fȉksan,2
1063,fȉktīvan,2
1064,fȉkus,2
1065,filatèlija,6
1066,filatèlist,6
1067,filatèlistica,6
1068,filatèlističin,6
1069,filatelìstičkī,8
1070,filharmòničār,8
1071,filharmòničārev,8
1072,filharmòničārka,8
1073,filharmòničārov,8
1074,filharmònija,8
1075,filharmònījskī,8
1076,filijála,6
1077,filìpika,4
1078,fȉlm,2
1079,fȉlmskī,2
1080,filodèndrōn,6
1081,filòksera,4
1082,filòzof,4
1083,filozòfija,6
1084,filòzofkinja,4
1085,filòzofskī,4
1086,fìltar,2
1087,fìlter,2
1088,filtrácija,6
1089,fìltrāt,2
1090,filtrírānje,6
1091,filtrírati,6
1092,fȋn,2
1093,finále,4
1094,finàlist,4
1095,finàlistica,4
1096,finàlističin,4
1097,fìnālnī,2
1098,finàncije,4
1099,finàncījskī,4
1100,financírati,7
1101,finòća,4
1102,fȋnskī,2
1103,fȋrma,2
1104,fìtīlj,2
1105,fitoplànktōn,7
1106,fìzičār,2
1107,fìzičārev,2
1108,fìzičārka,2
1109,fìzičārov,2
1110,fìzičkī,2
1111,fìzika,2
1112,fìzikālnī,2
1113,fiziològija,7
1114,fizioterapèut,11
1115,fizioterapèutkinja,11
1116,fizioterapèutskī,11
1117,fizioteràpija,9
1118,fjȅld,3
1119,fjȍrd,3
1120,flàmānskī,3
1121,flàster,3
1122,flašírati,5
1123,flȁuta,3
1124,flaùtist,4
1125,flaùtistica,4
1126,flaùtističin,4
1127,flìper,3
1128,flȉš,3
1129,flomàster,5
1130,flȏra,3
1131,flòret,3
1132,flȍta,3
1133,flùīd,3
1134,flȕōr,3
1135,fluorescèncija,9
1136,fluorescèntnī,9
1137,flȕōrov,3
1138,foàjē,3
1139,g,0
1140,g.,0
1141,ga,0
1142,gácati,2
1143,gàčac,2
1144,gȁće,2
1145,gȁd,2
1146,gȁdan,2
1147,gȁditi,2
1148,gàdljiv,2
1149,gàdljivōst,2
1150,gȁdōst,2
1151,gáđānje,2
1152,gáđati,2
1153,gȁđēnje,2
1154,gàelskī,2
1155,gȃj,2
1156,gàjdāš,2
1157,gajdàšica,5
1158,gajdàšičin,5
1159,gȃjde,2
1160,gàjeta,2
1161,gàjica,2
1162,gákānje,2
1163,gákati,2
1164,gáknuti,2
1165,galàktičkī,4
1166,galàktika,4
1167,galáma,4
1168,galámiti,4
1169,galàntan,4
1170,galantèrija,7
1171,gȁlēb,2
1172,galèrija,4
1173,galèrījskī,4
1174,gȁlica,2
1175,galicìzam,6
1176,gàlija,2
1177,galìjot,4
1178,gàlop,2
1179,galopírati,6
1180,gȁmād,2
1181,gamèta,4
1182,gametòfīt,6
1183,gánga,2
1184,gàngānje,2
1185,gàngati,2
1186,gànglij,2
1187,gangréna,6
1188,gàngster,2
1189,gàngsterica,2
1190,gàngsteričin,2
1191,gàngsterskī,2
1192,ganúće,4
1193,gànuti,2
1194,ganùtljiv,4
1195,gȁnūtōst,2
1196,gȃr,2
1197,garàncija,4
1198,garantírati,7
1199,gàrantnī,2
1200,gȁrav,2
1201,gȁravōst,2
1202,garáža,4
1203,gȃrda,2
1204,garderóba,7
1205,gàrdījskī,2
1206,gàrdist,2
1207,gàrdistica,2
1208,gàrdističin,2
1209,gàrig,2
1210,gàrīšte,2
1211,garsonijéra,9
1212,gȃs,2
1213,gàsitelj,2
1214,gasitèljica,6
1215,gasitèljičin,6
1216,gásiti,2
1217,gastrìtis,6
1218,gȁstroskop,2
1219,gášēnje,2
1220,gatàlīnka,4
1221,gàtār,2
1222,gàtara,2
1223,gatárev,4
1224,gatárov,4
1225,gátati,2
1226,gȁučo,2
1227,gȁvrān,2
1228,gàvūn,2
1229,gáza,2
1230,gȁzda,2
1231,gȁzdarica,2
1232,gȁzdaričin,2
1233,gazèla,4
1234,gazírati,4
1235,gȁziti,2
1236,gdjȅ,4
1237,gdjègod,4
1238,gdjèkad,4
1239,gdjèkojī,4
1240,gdjèšto,4
1241,gdjètko,4
1242,gđa,0
1243,gđica,0
1244,gégati,2
1245,gȇjša,2
1246,gèjzīr,2
1247,gèjzīrskī,2
1248,gȅl,2
1249,gȅm,2
1250,gȅma,2
1251,gèmišt,2
1252,gȇn,2
1253,generácija,6
1254,generácījskī,6
1255,genèrāl,4
1256,generàlica,6
1257,generàličin,6
1258,generalizácija,10
1259,generalizírati,10
1260,gȅnerālnī,2
1261,gȅneratīvnī,2
1262,genèrātor,4
1263,genètičār,4
1264,genètičārev,4
1265,genètičārka,4
1266,genètičārov,4
1267,genètičkī,4
1268,genètika,4
1269,gènetskī,2
1270,gèneza,2
1271,gȇnij,2
1272,genijálac,6
1273,gȅnijālan,2
1274,genijálčev,6
1275,genìjālka,4
1276,genijálnōst,6
1277,genitàlije,6
1278,gȅnitālnī,2
1279,gȅnitīv,2
1280,gȅnocīd,2
1281,gȅnocīdnī,2
1282,gènōm,2
1283,gȇnskī,2
1284,geocèntričnī,5
1285,geocentrìzam,9
1286,geòdēt,3
1287,geòdetkinja,3
1288,geòdetskī,3
1289,geodézija,5
1290,geògraf,3
1291,geogràfija,6
1292,geògrafkinja,3
1293,geògrafskī,3
1294,geòlog,3
1295,geològija,5
1296,geòloginja,3
1297,geòloškī,3
1298,geomètrija,5
1299,geomètrījskī,5
1300,georgína,6
1301,geostratègija,9
1302,geostràteškī,7
1303,geotèrmālnī,5
1304,gȅpard,2
1305,gèrber,2
1306,gerìla,4
1307,gèrīlskī,2
1308,germànist,5
1309,germànistica,5
1310,germànističin,5
1311,germanìstičkī,7
1312,germanìstika,7
1313,germanizácija,9
1314,germanìzam,7
1315,germanizírati,9
1316,gèslo,2
1317,gȅst,2
1318,gȅsta,2
1319,gȅto,2
1320,gȉbak,2
1321,gíbānje,2
1322,gíbati,2
1323,gìbljiv,2
1324,gìbljivōst,2
1325,gìbōn,2
1326,gȉc,2
1327,h,0
1328,H,0
1329,hȁ,2
1330,ha,0
1331,hàbit,2
1332,hȃd,2
1333,haìku,3
1334,hàjati,2
1335,hàjde,2
1336,hajdùčica,5
1337,hajdùčičin,5
1338,hàjdūčkī,2
1339,hàjdūk,2
1340,hȃjka,2
1341,hàker,2
1342,hàkerica,2
1343,hàkeričin,2
1344,hála,2
1345,halàpljiv,4
1346,halàpljivōst,4
1347,hȁlō,2
1348,hȁlogēnī,2
1349,halucinácija,8
1350,halucinírati,8
1351,hȁlucinogēn,2
1352,hàluga,2
1353,haljétak,5
1354,hàljina,2
1355,hàmburger,2
1356,hȁngār,2
1357,Hànuka,2
1358,hanùkija,4
1359,hȁploīdan,2
1360,hàrāč,2
1361,haráčiti,4
1362,hȁrati,2
1363,hàrdver,2
1364,hárem,2
1365,hȃrfa,2
1366,hàrfist,2
1367,hàrfistica,2
1368,hàrfističin,2
1369,hàrīnga,2
1370,harlèkīn,5
1371,harmòničan,5
1372,harmònija,5
1373,harmònījskī,5
1374,harmònika,5
1375,harmonìkāš,7
1376,harmonikàšica,9
1377,harmonikàšičin,9
1378,harmonìkāškī,7
1379,hàšiš,2
1380,hàvārija,2
1381,hàzārskī,2
1382,hȇ,2
1383,hèbrējskī,2
1384,hedònist,4
1385,hedònistica,4
1386,hedònističin,4
1387,hedonìstičkī,6
1388,hedonìzam,6
1389,hegemònija,6
1390,hegemònist,6
1391,hegemònistica,6
1392,hegemònističin,6
1393,hegemònističkī,6
1394,hȇj,2
1395,heksadècimalnī,7
1396,heksàmetar,5
1397,hȅktār,2
1398,hȅktolitar,2
1399,hektopàskāl,7
1400,helenizácija,8
1401,helenìzam,6
1402,hȇlij,2
1403,hȇlijev,2
1404,helikòpter,6
1405,heliocèntričnī,7
1406,hèlōt,2
1407,hȇljda,2
1408,hemàtīt,4
1409,hematòlog,6
1410,hematològija,8
1411,hematòloginja,6
1412,hematòloškī,6
1413,hemisféra,7
1414,hemodijalíza,10
1415,hemofìličār,6
1416,hemofìličārev,6
1417,hemofìličārka,6
1418,hemofìličārov,6
1419,hemofìlija,6
1420,hemoglòbīn,7
1421,hemoràgija,6
1422,hemoròīd,6
1423,hȅndikep,2
1424,hendikèpīrān,7
1425,hȅnri,2
1426,hepatìtis,6
1427,hèptān,2
1428,heràldičkī,4
1429,heràldika,4
1430,hèrbār,2
1431,hèrbārij,2
1432,herbìcīd,5
1433,hȅrc,2
1434,hèrceg,2
1435,herètičan,4
1436,herètik,4
1437,herètikinja,4
1438,hèreza,2
1439,hermafròdīt,8
1440,hermèlīn,5
1441,hermèlīnskī,5
1442,hermètičan,5
1443,hermètičnōst,5
1444,heròīn,4
1445,heroína,5
1446,heròīnskī,4
1447,hèrōj,2
1448,hèrōjskī,2
1449,heròjstvo,4
1450,hèrpes,2
1451,hȅterogēn,2
1452,heteroseksuálac,12
1453,heteroseksuálčev,12
1454,heteroseksùālka,11
1455,heteroseksuálnōst,12
1456,heteròtrōf,6
1457,hȅterotrōfan,2
1458,hètītskī,2
1459,hȉ,2
1460,hibernácija,7
1461,hìbrīd,2
1462,hìbrīdnī,2
1463,hȉdra,2
1464,hìdrāt,2
1465,hidratácija,7
1466,hidratácījskī,7
1467,hidraùličkī,6
1468,hidraùličnī,6
1469,hidraùlika,6
1470,hidrocentrála,11
1471,hidrodinàmičkī,9
1472,hidrodinàmika,9
1473,hidroelektràna,12
1474,hȉdrofīlan,2
1475,hȉdrofōban,2
1476,hȉdrofōr,2
1477,hidrogenácija,9
1478,hidroglìser,8
1479,hidrogràfija,8
1480,hidroizolácija,10
1481,hidrokrílac,8
1482,hȉdroksīd,2
1483,hȉdroksīl,2
1484,hȉdroksīlnī,2
1485,hidrokultúra,10
1486,hidrolíza,7
1487,hidrometeoròlog,12
1488,hidrometeorològija,14
1489,hidrometeoròloginja,12
1490,hidrometeoròloškī,12
1491,hidrònīm,5
1492,hidrosféra,8
1493,hidrostàtičkī,8
1494,hidrostàtika,8
1495,hȉfa,2
1496,higijéna,6
1497,higijèničār,6
1498,higijèničārev,6
1499,higijèničārka,6
1500,higijèničārov,6
1501,hȉgijēnskī,2
1502,hȉhōt,2
1503,hihòtati,4
1504,hijéna,4
1505,hijeràrhija,6
1506,hijeràrhījskī,6
1507,hijeròglīf,6
1508,hȉljada,2
1509,hȉljadu,2
1510,hȉmba,2
1511,hȉmben,2
1512,hȉmbenōst,2
1513,hȋmna,2
1514,hȉndskī,2
1515,hindùist,5
1516,i,0
1517,ȉ,1
1518,I,0
1519,ìā,1
1520,iàko,2
1521,ȉčijī,1
1522,ȉći,1
1523,idèāl,3
1524,ȉdeālan,1
1525,ideàlist,4
1526,ideàlistica,4
1527,ideàlističin,4
1528,idealizírati,8
1529,idéja,3
1530,identificírati,10
1531,identifikácija,10
1532,identìtēt,6
1533,ideològija,6
1534,ideòloškī,4
1535,idìla,3
1536,idìličan,3
1537,idìličnī,3
1538,ȉdiofōnskī,1
1539,idiòlekt,4
1540,idìōm,3
1541,idìōmskī,3
1542,idìot,3
1543,idiòtija,4
1544,idìotkinja,3
1545,idìotskī,3
1546,ìdōl,1
1547,idolàtrija,5
1548,idolopoklònstvo,10
1549,ìdūćī,1
1550,ȉgdje,1
1551,ìgla,1
1552,ìglica,1
1553,ìgličast,1
1554,ìglū,1
1555,ìgra,1
1556,ìgrāč,1
1557,igràčica,4
1558,igràčičin,4
1559,ìgračka,1
1560,ìgrāčnica,1
1561,ìgrāćī,1
1562,ìgralīšte,1
1563,ȉgrānī,1
1564,ìgrānje,1
1565,igraònica,5
1566,ìgrati,1
1567,ȉgrokāz,1
1568,iguàna,4
1569,ih,0
1570,ȉh,1
1571,ihtiosàur,7
1572,ȉjedan,1
1573,ijékavica,3
1574,ijékavskī,3
1575,ȉkada,1
1576,ȉkakav,1
1577,ȉkāko,1
1578,íkavica,1
1579,íkavskī,1
1580,ikebàna,5
1581,ȉkojī,1
1582,ìkona,1
1583,ȉkra,1
1584,ȉks,1
1585,ȉkud,1
1586,ȉkudā,1
1587,ȉlegālan,1
1588,ȉlegālno,1
1589,ìli,1
1590,ilírac,3
1591,ilírčev,3
1592,ìlīrskī,1
1593,ȉlovača,1
1594,ȉlovast,1
1595,ilustrácija,7
1596,ilùstrātor,3
1597,ilùstrātorica,3
1598,ilùstrātoričin,3
1599,ilustrírati,7
1600,ilúzija,3
1601,im,0
1602,imaginácija,7
1603,ìmām,1
1604,imánje,3
1605,ìmānje,1
1606,ìmati,1
1607,imbècīl,4
1608,ȉme,1
1609,ìmela,1
1610,ȉmendān,1
1611,ȉmenica,1
1612,ȉmeničkī,1
1613,ȉmenīk,1
1614,ȉmenovānje,1
1615,ȉmenovati,1
1616,ȉmenskī,1
1617,ȉmenjāk,1
1618,imenjàkinja,6
1619,imigrácija,6
1620,imìgrant,3
1621,imìgrantica,3
1622,imìgrantičin,3
1623,imìgrantskī,3
1624,imigrírati,6
1625,imitácija,5
1626,imitírānje,5
1627,imitírati,5
1628,imòvina,3
1629,ȉmperatīv,1
1630,impèrātor,4
1631,impèrātorskī,4
1632,ȉmperfekt,1
1633,ȉmperfektīvnī,1
1634,ìmperfektnī,1
1635,ìmpērij,1
1636,imperijalìstičkī,10
1637,imperijalìzam,10
1638,implìcitan,5
1639,imponírati,6
1640,ìmport,1
1641,imprèsija,5
1642,impresiònist,8
1643,impresiònistica,8
1644,impresiònističin,8
1645,impresionìstičkī,10
1646,impresionìzam,10
1647,improvizácija,9
1648,improvizírati,9
1649,ìmpuls,1
1650,ȉmūćan,1
1651,ȉmūćnōst,1
1652,ȉmūn,1
1653,imunìtēt,5
1654,ȉmūnōst,1
1655,ȉnāče,1
1656,inàčica,3
1657,ìnāt,1
1658,inátiti,3
1659,ìncest,1
1660,ìnćūn,1
1661,ìndeks,1
1662,indiferèntan,8
1663,indiferèntnōst,8
1664,ȉndikatīv,1
1665,indìkātor,4
1666,ȉndirektan,1
1667,ȉndividuālan,1
1668,individualizácija,13
1669,indònēzījskī,4
1670,inducírati,6
1671,indùkcija,4
1672,indùkcījskī,4
1673,ìnduktor,1
1674,indulgèncija,7
1675,indùstrija,4
1676,industrijalizácija,14
1677,indùstrījskī,4
1678,inèrcija,3
1679,inèrtan,3
1680,ìnfarkt,1
1681,infèkcija,4
1682,infèkcījskī,4
1683,inficírati,6
1684,ìnfiks,1
1685,ȉnfinitīv,1
1686,inflácija,5
1687,inflácījskī,5
1688,ȉnflatōran,1
1689,influènca,6
1690,informácija,7
1691,informácījskī,7
1692,informàtičār,7
1693,informàtičārev,7
1694,informàtičārka,7
1695,informàtičārov,7
1696,informàtičkī,7
1697,informàtika,7
1698,informírati,7
1699,infracr̀ven,8
1700,ȉnfragrijalica,1
1701,infrastruktúra,12
1702,infrastrùktūrnī,9
1703,infúzija,4
1704,ing.,0
1705,ȋnī,1
1706,j,0
1707,J,0
1708,jȃ,2
1709,jȁblān,2
1710,jȁbučica,2
1711,jȁbučnī,2
1712,jȁbuka,2
1713,jȁbukov,2
1714,jȁbukovača,2
1715,jàčānje,2
1716,jàčati,2
1717,jačìna,4
1718,jȁd,2
1719,jȁdan,2
1720,jȁdati,2
1721,jȁdikovānje,2
1722,jȁdikovati,2
1723,jȁdikōvka,2
1724,jȁdnica,2
1725,jȁdničin,2
1726,jȁdnīk,2
1727,jȁganjac,2
1728,jàglac,2
1729,jȁgoda,2
1730,jȁgodica,2
1731,jȁguār,2
1732,jàhāč,2
1733,jahàčica,4
1734,jahàčičin,4
1735,jàhāčkī,2
1736,jàhāćī,2
1737,jahàćica,4
1738,jȁhānje,2
1739,jȁhati,2
1740,jȁhta,2
1741,jàhtāš,2
1742,jahtàšica,5
1743,jahtàšičin,5
1744,jàhtāškī,2
1745,jajášce,4
1746,jáje,2
1747,jȃjnī,2
1748,jȃjnīk,2
1749,jajòlik,4
1750,jȁjovōd,2
1751,jȁk,2
1752,jȃk,2
1753,jàkna,2
1754,jȃko,2
1755,jakobínac,6
1756,jakobínčev,6
1757,jákōst,2
1758,jȁlov,2
1759,jȁma,2
1760,jàmac,2
1761,jȁmačno,2
1762,jȁmčiti,2
1763,jȁmica,2
1764,jȁmskī,2
1765,jàmstvenī,2
1766,jàmstvo,2
1767,jȁntār,2
1768,jȁntārnī,2
1769,jȁnjād,2
1770,jȁnje,2
1771,jȁnjećī,2
1772,jȁnjetina,2
1773,jànjičār,2
1774,jànjičārev,2
1775,jànjičārov,2
1776,jànjičārskī,2
1777,jȁnjiti,2
1778,jȁo,2
1779,jàpānskī,2
1780,jȁrac,2
1781,jȁrād,2
1782,járak,2
1783,járam,2
1784,jȃrbol,2
1785,jȃrčev,2
1786,jȃrd,2
1787,jȁre,2
1788,jarèbica,4
1789,jȁrećī,2
1790,jȁretina,2
1791,jȃrī,2
1792,jȁrić,2
1793,jȃrkī,2
1794,jàruga,2
1795,jarùžati,4
1796,jȁsan,2
1797,jȁsēn,2
1798,jȁsle,2
1799,jȁslice,2
1800,jàsmīn,2
1801,jȁsno,2
1802,jasnòća,5
1803,jȁstog,2
1804,jȁstrēb,2
1805,jàstučić,2
1806,jàstuk,2
1807,jȁt,2
1808,jȁto,2
1809,jatrokémičār,7
1810,jatrokémičārev,7
1811,jatrokémičārov,7
1812,jatrokémija,7
1813,jȁūk,2
1814,jaúkānje,3
1815,jaúkati,3
1816,jaúknuti,3
1817,jáva,2
1818,jáviti,2
1819,jávljānje,2
1820,jávljati,2
1821,jȃvnī,2
1822,jávnōst,2
1823,jȁvōr,2
1824,jȁvorov,2
1825,jȃz,2
1826,jȁzavac,2
1827,jȁzavčār,2
1828,jȁzbina,2
1829,jd.,0
1830,je,0
1831,jȅcāj,2
1832,jȅcānje,2
1833,jȅcati,2
1834,jèčam,2
1835,jéčati,2
1836,ječménac,5
1837,jèčmenī,2
1838,jȅdak,2
1839,jèdan,2
1840,jedànaest,4
1841,jedanaestérac,10
1842,jedànaestero,4
1843,jedànaestī,4
1844,jedanaestogòdišnjāk,12
1845,jedanaestogodišnjàkinja,18
1846,jedanaestogòdišnjī,12
1847,jedanaestòrica,10
1848,jedànpūt,4
1849,jȅdar,2
1850,jȅdēnje,2
1851,jedínac,4
1852,jedínčev,4
1853,jèdīnī,2
1854,jedìnica,4
1855,jedìničin,4
1856,jedìničnī,4
1857,jèdīnka,2
1858,jèdīno,2
1859,jedìnstven,4
1860,jedìnstvo,4
1861,jednáčēnje,5
1862,jednáčiti,5
1863,jednàdžba,5
1864,jȅdnāk,2
1865,jȅdnāko,2
1866,jȅdnakokrāčan,2
1867,jednákōst,5
1868,jednakostràničan,11
1869,jȅdnakovrijēdan,2
1870,jèdni,2
1871,jednìna,5
1872,jèdnīnskī,2
1873,jèdno,2
1874,jednoàtōmnī,6
1875,jednoàtōmskī,6
1876,jednòbojan,5
1877,jednobóščev,7
1878,jednobóštvo,7
1879,jednobóžac,7
1880,jednobòžačkī,7
1881,jednòcijēvan,5
1882,jednòčlan,5
1883,jȅdnōć,2
1884,jednòdijēlan,5
1885,jednodimènzījskī,9
1886,jȅdnodimenzionālan,2
1887,jednòdnēvnī,5
1888,jednòdomnī,5
1889,jednòdušan,5
1890,jednòfāznī,5
1891,jednòglasan,5
1892,jednòglāsje,5
1893,jednogòdišnjāk,7
1894,jednogodišnjàkinja,13
1895,jednogòdišnjī,7
1896,k,0
1897,ka,0
1898,K,0
1899,kabàla,4
1900,kabànica,4
1901,kàbao,2
1902,kabàrē,4
1903,kabàret,4
1904,kábel,2
1905,kabína,4
1906,kabìnēt,4
1907,kabìnētskī,4
1908,kȁblić,2
1909,kàciga,2
1910,kȁčiti,2
1911,kàćūn,2
1912,kȁd,2
1913,káda,2
1914,kàda,2
1915,kádar,2
1916,kȁdar,2
1917,kàdēt,2
1918,kadètkinja,4
1919,kàdgod,2
1920,kadìfica,4
1921,kàdija,2
1922,kadìluk,4
1923,kadiònica,5
1924,káditi,2
1925,kàdšto,2
1926,kȁd-tȁd,2
1927,kàdulja,2
1928,káđēnje,2
1929,kàfīć,2
1930,kȁjāk,2
1931,kajàkāš,4
1932,kajakàšica,6
1933,kajakàšičin,6
1934,kajakáštvo,6
1935,kȁjānje,2
1936,kȁjati,2
1937,kȃjda,2
1938,kàjdānka,2
1939,kȁjgana,2
1940,kájkavac,2
1941,kàjkāvčev,2
1942,kajkavìzam,7
1943,kájkāvka,2
1944,kájkavskī,2
1945,kájkavština,2
1946,kàkao,2
1947,kàkaovac,2
1948,kàkav,2
1949,kàkavgod,2
1950,kȁki,2
1951,kàko,2
1952,kàkogod,2
1953,kàko-tàko,2
1954,kàktus,2
1955,kakvòća,5
1956,kȃl,2
1957,kȁlavac,2
1958,kalcificírati,9
1959,kalcifikácija,9
1960,kȃlcij,2
1961,kȃlcijev,2
1962,kaleidòskop,7
1963,kalèndār,4
1964,kalèndārskī,4
1965,kálež,2
1966,kálif,2
1967,kalìfāt,4
1968,kalìgraf,4
1969,kaligràfija,7
1970,kalìgrafskī,4
1971,kalìgram,4
1972,kȃlij,2
1973,kȃlijev,2
1974,kàlina,2
1975,kalkùlātor,5
1976,kalòričan,4
1977,kalorìfer,6
1978,kàlōrija,2
1979,kàlota,2
1980,kàlotnī,2
1981,kàluđer,2
1982,kàluđerica,2
1983,kàluđeričin,2
1984,kàlup,2
1985,kalvìnist,5
1986,kalvìnistica,5
1987,kalvìnističin,5
1988,kalvinìzam,7
1989,kàljača,2
1990,káljati,2
1991,kàljuža,2
1992,kȁmata,2
1993,kȁmatnī,2
1994,kȁmbij,2
1995,kàmbrij,2
1996,kamelèōn,6
1997,kȁmēn,2
1998,kaménac,4
1999,kamènčić,4
2000,kȁmenī,2
2001,kȁmenica,2
2002,kamènit,4
2003,kamenòlom,6
2004,kȁmenovānje,2
2005,kȁmenovati,2
2006,kamènjār,4
2007,kàmēnje,2
2008,kàmera,2
2009,kamikáza,6
2010,kamìlica,4
2011,kamìōn,4
2012,kamìōnskī,4
2013,kàmo,2
2014,kȁmp,2
2015,kampírati,5
2016,kȁmpos,2
2017,kànāl,2
2018,kanalizácija,8
2019,kanalizácījskī,8
2020,kȁnalizaciōnī,2
2021,kanarínac,6
2022,kancèlār,5
2023,kancelárev,7
2024,kancèlārka,5
2025,kancelárov,7
2026,kȁncerogēn,2
2027,kancóna,5
2028,kancònijēr,5
2029,kàndela,2
2030,kȃndida,2
2031,kandìdāt,5
2032,kandidàtica,7
2033,kandidàtičin,7
2034,kandìdātkinja,5
2035,kandìdātkinjin,5
2036,kandidírati,7
2037,kàndža,2
2038,kànistar,2
2039,kániti,2
2040,kànōn,2
2041,kànonīk,2
2042,kanonizácija,8
2043,kànōnskī,2
2044,kánta,2
2045,kantáta,5
2046,kantína,5
2047,kàntōn,2
2048,kànū,2
2049,kanùist,4
2050,kanùistica,4
2051,kanùističin,4
2052,kȁnuti,2
2053,kànjōn,2
2054,kȁo,2
2055,kaòlīn,3
2056,kȁos,2
2057,kaòtičan,3
2058,kȃp,2
2059,kȁpa,2
2060,kapacìtēt,6
2061,kápak,2
2062,kàpāljka,2
2063,kȁpānje,2
2064,kȁpati,2
2065,kȁpavac,2
2066,kàpela,2
2067,kapèlān,4
2068,kapèlānskī,4
2069,kàpelica,2
2070,kapètān,4
2071,kapetànica,6
2072,kapetàničin,6
2073,kapetànija,6
2074,kapilára,6
2075,kapilárnōst,6
2076,kapìtāl,4
2077,kapitàlist,6
2078,kapitàlistica,6
2079,kapitàlističin,6
2080,kapitalìstičkī,8
2081,kapitalìzam,8
2082,kapìtel,4
2083,kapitulácija,8
2084,l,0
2085,L,0
2086,lȃ,2
2087,lȁbav,2
2088,lȁbaviti,2
2089,lȁbavjeti,2
2090,lȁbavōst,2
2091,labìjāl,4
2092,lȁbijālnī,2
2093,lȁbīlan,2
2094,labiodèntāl,7
2095,labiodèntālnī,7
2096,labìrint,4
2097,labirìntnī,6
2098,labòrant,4
2099,labòrantica,4
2100,labòrantičin,4
2101,laboràtōrij,6
2102,laboràtōrījskī,6
2103,làbrādor,2
2104,lȁbūd,2
2105,lȁbuđī,2
2106,làdānje,2
2107,làdica,2
2108,làdīno,2
2109,lȃđa,2
2110,làđār,2
2111,lađárev,4
2112,lađárov,4
2113,lȃđica,2
2114,lȁgan,2
2115,lȁgano,2
2116,làgati,2
2117,lȁgodan,2
2118,lȁgodno,2
2119,lȁgodnōst,2
2120,lagúna,4
2121,lȁhōr,2
2122,lȁičkī,2
2123,lȁik,2
2124,laìkāt,3
2125,lȁikinja,2
2126,lȁjānje,2
2127,lȁjati,2
2128,lajtmòtīv,6
2129,lȁk,2
2130,làkāj,2
2131,lȃkat,2
2132,lakírati,4
2133,lȁkmus,2
2134,lȁkmusov,2
2135,lȁkmus-pàpīr,2
2136,làknuti,2
2137,lȁko,2
2138,lakòća,4
2139,làkom,2
2140,lakòmislen,4
2141,lakòmislenōst,4
2142,làkomo,2
2143,làkomōst,2
2144,lȁkoūman,2
2145,lakoúmnōst,5
2146,lȁkovjēran,2
2147,lakovjérnōst,7
2148,lakr̀dija,5
2149,lakrdìjāš,6
2150,lakrdijàšica,8
2151,lakrdijàšičin,8
2152,lakrdìjāškī,6
2153,laksàtīv,5
2154,laktácija,5
2155,làktāš,2
2156,laktàšica,5
2157,laktàšičin,5
2158,làktati,2
2159,lȁktometar,2
2160,laktóza,5
2161,lȁma,2
2162,lamentácija,7
2163,lamentírati,7
2164,lámpa,2
2165,làmpica,2
2166,lampìōn,5
2167,lȁn,2
2168,lánac,2
2169,lȁnād,2
2170,lànčanī,2
2171,lančànīk,5
2172,lȁnčast,2
2173,lȁne,2
2174,lȁnenī,2
2175,lȃni,2
2176,lansírānje,5
2177,lansírati,5
2178,lànsīrnī,2
2179,lànjskī,2
2180,lȃp,2
2181,lȁpōr,2
2182,lȁpsus,2
2183,laringìtis,7
2184,laringòskop,7
2185,larpurlàrtist,8
2186,larpurlàrtistica,8
2187,larpurlàrtističin,8
2188,larpurlartìstičkī,11
2189,larpurlartìzam,11
2190,lȃrva,2
2191,lȁser,2
2192,lȁserskī,2
2193,lȁsica,2
2194,lȁskati,2
2195,lȁso,2
2196,lásta,2
2197,lȁstavica,2
2198,lȁstavičjī,2
2199,làštilo,2
2200,làštiti,2
2201,latèrāl,4
2202,làtērna,2
2203,làtica,2
2204,latimèrija,6
2205,latìnica,4
2206,latìničnī,4
2207,latìnist,4
2208,latìnistica,4
2209,latìnističin,4
2210,latinìstičkī,6
2211,latinìzam,6
2212,làtīnskī,2
2213,lȁv,2
2214,láva,2
2215,làvānda,2
2216,lávež,2
2217,làvina,2
2218,lȁvljī,2
2219,làvōr,2
2220,lȁvovskī,2
2221,lȃz,2
2222,lazànje,4
2223,lȃž,2
2224,lȁžan,2
2225,làžljiv,2
2226,làžljivac,2
2227,làžljīvčev,2
2228,làžljivica,2
2229,làžljivičin,2
2230,lȁžno,2
2231,lèbdjelica,2
2232,lèbdjēnje,2
2233,lèbdjeti,2
2234,léća,2
2235,lȅći,2
2236,lȇd,2
2237,lèden,2
2238,lèdenī,2
2239,ledènica,4
2240,ledènjāčkī,4
2241,ledènjāk,4
2242,lèdina,2
2243,lèdīšte,2
2244,lèditi,2
2245,ledolómac,6
2246,ledòmāt,4
2247,léđa,2
2248,lȇđnī,2
2249,lègālan,2
2250,lègālno,2
2251,lègāto,2
2252,lègēnda,2
2253,lȅgendārnī,2
2254,lȇgija,2
2255,legiònār,5
2256,legionárev,7
2257,legionárov,7
2258,legiònārskī,5
2259,legírati,4
2260,lȅgitīman,2
2261,legitimírati,8
2262,lȅglica,2
2263,léglo,2
2264,legúra,4
2265,lègvān,2
2266,lèkcija,2
2267,lekciònār,6
2268,lèksēm,2
2269,lèksik,2
2270,leksikògraf,7
2271,leksikogràfija,10
2272,m,0
2273,M,0
2274,mȁ,2
2275,ma,0
2276,máca,2
2277,macàklīn,4
2278,mȁč,2
2279,máčak,2
2280,mȁče,2
2281,mȁčevalac,2
2282,mȁčevānje,2
2283,mȁčevaočev,2
2284,mȁčevati,2
2285,mȁčić,2
2286,mȁčjī,2
2287,mȁčka,2
2288,mȁčkica,2
2289,mȁćeha,2
2290,mȁći,2
2291,mȁćuhica,2
2292,màda,2
2293,mȁdēž,2
2294,màdrac,2
2295,madrìgāl,5
2296,mađarizácija,8
2297,mađàrōn,4
2298,mađàrōnskī,4
2299,màđarskī,2
2300,mađiòničār,5
2301,mađiòničārev,5
2302,mađiòničārka,5
2303,mađiòničārov,5
2304,mađiòničārskī,5
2305,maèstrāl,3
2306,màestro,2
2307,màfija,2
2308,mafìjāš,4
2309,mafijàšica,6
2310,mafijàšičin,6
2311,mafìjāškī,4
2312,mȃg,2
2313,màgarac,2
2314,magàrčić,4
2315,màgarećī,2
2316,màgarica,2
2317,mȁgazīn,2
2318,màgija,2
2319,màgījskī,2
2320,màginja,2
2321,màgistar,2
2322,magìstērij,4
2323,magistrála,8
2324,mȁgistrālnī,2
2325,magìstrāt,4
2326,màgistrica,2
2327,màgistričin,2
2328,magistrírati,8
2329,màgistrov,2
2330,màgla,2
2331,màglēnka,2
2332,màglica,2
2333,màgliti,2
2334,maglòvit,5
2335,maglùština,5
2336,mȁgma,2
2337,mȁgmatskī,2
2338,màgnēt,2
2339,magnètičan,5
2340,magnètičnōst,5
2341,magnètīt,5
2342,magnetìzam,7
2343,magnetizírati,9
2344,màgnētnī,2
2345,magnetófōn,7
2346,màgnētskī,2
2347,màgnēzij,2
2348,màgnēzijev,2
2349,màgnēzījskī,2
2350,màgnōlija,2
2351,mȃh,2
2352,mahàgōni,4
2353,mahàgōnij,4
2354,mȁharadža,2
2355,máhati,2
2356,màhnit,2
2357,mahnítati,5
2358,màhnitōst,2
2359,máhnuti,2
2360,màhovina,2
2361,màhovinast,2
2362,màhuna,2
2363,màhunārka,2
2364,màhunast,2
2365,mȃjčica,2
2366,mȃjčičin,2
2367,mȃjčin,2
2368,mȃjčīnskī,2
2369,mȃjčīnstvo,2
2370,mȁjica,2
2371,mȃjka,2
2372,màjmun,2
2373,màjmunskī,2
2374,majonéza,6
2375,màjōr,2
2376,mȃjstor,2
2377,mȃjstorica,2
2378,mȃjstoričin,2
2379,mȃjstorskī,2
2380,màjūr,2
2381,mȁk,2
2382,mȁkadām,2
2383,mȁkadāmskī,2
2384,mȁkaki,2
2385,màkar,2
2386,makaróni,6
2387,makèdōnskī,4
2388,makèta,4
2389,màkija,2
2390,màknuti,2
2391,makòvnjača,4
2392,makrobiòtičār,8
2393,makrobiòtičārev,8
2394,makrobiòtičārka,8
2395,makrobiòtičārov,8
2396,makrobiòtičkī,8
2397,makrobiòtika,8
2398,makromolèkula,9
2399,makromolèkulskī,9
2400,mȁkrorēgija,2
2401,mȁkroskopskī,2
2402,maksíma,5
2403,mȁksimālan,2
2404,mȁksimum,2
2405,mȁlāhan,2
2406,màlājskī,2
2407,malàksati,4
2408,malaksávati,7
2409,malàričnī,4
2410,màlārija,2
2411,màlen,2
2412,mȁlēšan,2
2413,màlgāškī,2
2414,mȃlī,2
2415,màlīgnī,2
2416,màlina,2
2417,màlinin,2
2418,màlinov,2
2419,màlinovac,2
2420,málko,2
2421,malmìnjāt,5
2422,mȁlo,2
2423,mȁlobrōjan,2
2424,malobrójnōst,7
2425,maločekìnjāš,8
2426,maločetìnāš,8
2427,malòdušan,4
2428,malòdušnōst,4
2429,mȁlograđanin,2
2430,mȁlograđānka,2
2431,mȁlograđanskī,2
2432,mȁlograđanski,2
2433,mȁlokad,2
2434,malokolùtićavac,8
2435,malòljetan,4
2436,malòljetnica,4
2437,malòljetničin,4
2438,malòljetnīk,4
2439,malòljetnōst,4
2440,mȁloprije,2
2441,màltēškī,2
2442,maltóza,5
2443,mȃlj,2
2444,mȁlja,2
2445,mȁma,2
2446,mámac,2
2447,mȁmica,2
2448,mámiti,2
2449,màmut,2
2450,màmutovac,2
2451,màmutskī,2
2452,màmuza,2
2453,mána,2
2454,mȁna,2
2455,mȁnastīr,2
2456,mȁnastīrskī,2
2457,mandàrīn,5
2458,mandarína,7
2459,mandàrīnka,5
2460,màndāt,2
2461,n,0
2462,N,0
2463,na,0
2464,nȁ,2
2465,nabàcati,4
2466,nabáciti,4
2467,nabacívati,6
2468,nabacívati²,6
2469,nabádati,4
2470,nàbava,2
2471,nàbaviti,2
2472,nabàvljāč,4
2473,nabavljàčica,8
2474,nabavljàčičin,8
2475,nàbavljati,2
2476,nàbāvnī,2
2477,nabíjānje,4
2478,nabíjati,4
2479,nabìjen,4
2480,nàbirati,2
2481,nàbiti,2
2482,náboj,2
2483,nábōjnī,2
2484,nȁboljē,2
2485,nábor,2
2486,nabórati,4
2487,nàbosti,2
2488,nábožan,2
2489,nábožnōst,2
2490,nabrájati,5
2491,nàbrati,2
2492,nàbrati²,2
2493,nabréknuti,5
2494,nabròjati,5
2495,nabròjiti,5
2496,nabùbriti,4
2497,nábujak,2
2498,nabùjati,4
2499,nàceriti,2
2500,nȃcija,2
2501,nacijépati,6
2502,nacíljati,4
2503,nacionàlist,7
2504,nacionàlistica,7
2505,nacionàlističin,7
2506,nacionalìstičkī,9
2507,nacionalizácija,11
2508,nacionalìzam,9
2509,nacionalizírati,11
2510,nȁcionālnī,2
2511,nacionálnōst,7
2512,nacionalsocijalìstičkī,16
2513,nacionalsocijalìzam,16
2514,nàcist,2
2515,nàcistica,2
2516,nàcističin,2
2517,nacìstičkī,4
2518,nacìzam,4
2519,nácrt,2
2520,nàcrtati,2
2521,nácrtnī,2
2522,nàčas,2
2523,náčēlan,2
2524,náčēlnica,2
2525,náčēlničin,2
2526,náčēlnīk,2
2527,náčēlno,2
2528,náčēlnōst,2
2529,načélo,4
2530,nàčēti,2
2531,náčin,2
2532,načìniti,4
2533,náčinskī,2
2534,nàčinjati,2
2535,nȁčitān,2
2536,načìtati,4
2537,nàčuditi,2
2538,načùpati,4
2539,nàčuti,2
2540,nȃći,2
2541,naćúliti,4
2542,nada,0
2543,náda,2
2544,nadahnúće,7
2545,nadàhnuti,4
2546,nadahnjívati,8
2547,nadalèko,6
2548,nàdaljē,2
2549,nàdāren,2
2550,nàdārenōst,2
2551,nadàsve,4
2552,nádati,2
2553,nȁdbiskup,2
2554,nadbiskùpija,8
2555,nadbiskùpījskī,8
2556,nȁdbiskupskī,2
2557,nàdcārstvo,2
2558,nadčòvjek,5
2559,nadèbljati,4
2560,nȁdesno,2
2561,nadglàsati,6
2562,nadglasávati,8
2563,nadglédānje,6
2564,nadglédati,6
2565,nádglednica,2
2566,nádgledničin,2
2567,nádglednīk,2
2568,nadgrádnja,6
2569,nádgrobnī,2
2570,nàdīći,2
2571,nàdići,2
2572,nàdignuti,2
2573,nadìgrati,4
2574,nadigrávati,7
2575,nadijévati,6
2576,nadìlaziti,4
2577,nádimak,2
2578,nàdimati,2
2579,nàdizati,2
2580,nadjàčati,5
2581,nadjačávati,7
2582,nàdjenuti,2
2583,nádjev,2
2584,nàdlaktica,2
2585,nàdlanica,2
2586,nadlètjeti,5
2587,nádležan,2
2588,nadlijétānje,7
2589,nadlijétati,7
2590,nadmášiti,5
2591,nadmàšiv,5
2592,nadmašívati,7
2593,nàdmetānje,2
2594,nàdmetati,2
2595,nȁdmōć,2
2596,nȁdmoćan,2
2597,nádmorskī,2
2598,nadmúdriti,5
2599,nadmudrívati,8
2600,nadnárāvan,5
2601,nádnevak,2
2602,nȁdnica,2
2603,nȁdničār,2
2604,nȁdničārev,2
2605,nȁdničārka,2
2606,nȁdničārov,2
2607,nàdnijēti,2
2608,nadnòsiti,5
2609,nȁdobūdan,2
2610,nȁdobudnōst,2
2611,nàdōći,2
2612,nadográditi,7
2613,nadograđívati,9
2614,nȁdohvāt,2
2615,nȁdoknada,2
2616,nadòknaditi,4
2617,nadoknàdiv,7
2618,nadoknàdivōst,7
2619,nadoknađívati,9
2620,nadòlaziti,4
2621,nadolijévati,8
2622,nadòliti,4
2623,nȁdolje,2
2624,nadòmak,4
2625,nadòmjestak,4
2626,nadòmjestan,4
2627,nadòmjestiti,4
2628,nadomjéštati,7
2629,nadopísati,6
2630,nadopisívati,8
2631,nadoplaćívati,9
2632,nȁdoplata,2
2633,nadoplátiti,7
2634,nȁdopuna,2
2635,nadòpuniti,4
2636,nadopúnjati,6
2637,nadopunjávati,9
2638,nadopunjívati,9
2639,nadovézati,6
2640,nadovezívati,8
2641,nadozídati,6
2642,nadozidávati,8
2643,nadrástati,5
2644,nàdrāsti,2
2645,nȁdražāj,2
2646,nadrážiti,5
2647,nadražívati,7
2648,nadreàlist,6
2649,nadreàlistica,6
2650,nadrealìstičin,8
2651,nadrealìstičkī,8
2652,o,0
2653,ȏ,1
2654,oáza,2
2655,ȍba,1
2656,ȍbād,1
2657,ȍbadvā,1
2658,ȍbadvije,1
2659,ȍbadvoje,1
2660,obadvòjica,6
2661,ȍbala,1
2662,ȍbālnī,1
2663,obàmirati,3
2664,obàmrijēti,3
2665,obàmrlōst,3
2666,ȍbao,1
2667,obárati,3
2668,obàsipati,3
2669,obàsjati,3
2670,obasjávati,6
2671,obàsūti,3
2672,ȍbaveza,1
2673,ȍbavezan,1
2674,obavézati,5
2675,obavíjati,5
2676,ȍbavijēsnī,1
2677,ȍbavijēst,1
2678,obavijéstiti,7
2679,obàviti,3
2680,òbaviti,1
2681,obavješćívānje,9
2682,obavješćívati,9
2683,obavještájac,9
2684,obavještájčev,9
2685,obavjèštājka,6
2686,ȍbavještājnī,1
2687,obavještávānje,9
2688,obavještávati,9
2689,òbavljānje,1
2690,òbavljati,1
2691,obàzirati,3
2692,obàzreti,3
2693,obàzriv,3
2694,obàzrivōst,3
2695,ȍbdān,1
2696,obdáriti,4
2697,obducírati,6
2698,obdùkcija,4
2699,obećánje,5
2700,obèćati,3
2701,obećávati,5
2702,obèlisk,3
2703,obeshrábriti,7
2704,obeshrabrívānje,10
2705,obeshrabrívati,10
2706,obezbòjiti,6
2707,obezgláviti,7
2708,obezglavljívati,11
2709,obezlíčiti,6
2710,obezvrijéditi,9
2711,obezvređívati,9
2712,òbgrliti,1
2713,obgrljívati,7
2714,ȍbičāj,1
2715,ȍbičājnī,1
2716,òbičan,1
2717,običávati,5
2718,òbično,1
2719,òbičnōst,1
2720,òbīći,1
2721,obìjāč,3
2722,obijàčica,5
2723,obijàčičin,5
2724,obíjati,3
2725,ȍbijēst,1
2726,ȍbijēstan,1
2727,ȍbīlan,1
2728,obìlat,3
2729,obìlazak,3
2730,obìlaziti,3
2731,obìlaznī,3
2732,obìlaznica,3
2733,obìlazno,3
2734,obìlažēnje,3
2735,obílnōst,3
2736,òbilovati,1
2737,òbīlje,1
2738,obilježávati,8
2739,obìlježiti,3
2740,obilježívati,8
2741,ȍbiljēžje,1
2742,òbistiniti,1
2743,obistinjávati,9
2744,obistinjívati,9
2745,obitávalīšte,5
2746,obitávānje,5
2747,obitávati,5
2748,obítelj,3
2749,obíteljskī,3
2750,òbiti,1
2751,objàsniti,4
2752,objašnjávānje,8
2753,objašnjávati,8
2754,objašnjénje,8
2755,ȍbjava,1
2756,objáviti,4
2757,objavljénje,8
2758,objavljívānje,8
2759,objavljívati,8
2760,ȍbje,1
2761,òbjed,1
2762,objedíniti,6
2763,objedinjávati,9
2764,objedinjívati,9
2765,òbjedovati,1
2766,òbjekt,1
2767,objèktīv,4
2768,ȍbjektīvan,1
2769,objektívnōst,7
2770,òbjektnī,1
2771,òbjesiti,1
2772,obláčak,4
2773,ȍblāčan,1
2774,obláčēnje,4
2775,obláčēnje²,4
2776,oblàčić,4
2777,obláčiti,4
2778,ȍblāčnī,1
2779,oblágānje,4
2780,oblágati,4
2781,ȍblāk,1
2782,ȍblāst,1
2783,òblatiti,1
2784,òblatna,1
2785,oblènjāk,4
2786,oblètjeti,4
2787,òblica,1
2788,òblīčje,1
2789,ȍblić,1
2790,oblijépiti,6
2791,oblijétati,6
2792,ȍblīk,1
2793,oblikòslōvlje,6
2794,oblikòslōvnī,6
2795,oblikòtvōrje,6
2796,oblikòtvōrnī,6
2797,òblikovānje,1
2798,òblikovati,1
2799,oblízati,4
2800,oblizívati,6
2801,òbliznuti,1
2802,ȍbližnjī,1
2803,òblog,1
2804,oblòžiti,4
2805,oblútak,4
2806,obljepljívati,9
2807,òbljetnica,1
2808,òbljūbljen,1
2809,òbljūbljenōst,1
2810,òbmana,1
2811,obmánuti,4
2812,obmanjívati,7
2813,obnášānje,4
2814,obnášati,4
2815,obnávljānje,4
2816,obnávljati,4
2817,ȍbnōć,1
2818,ȍbnova,1
2819,obnòviti,4
2820,obnòvljiv,4
2821,obòa,3
2822,ȍbōd,1
2823,ȍbōdnī,1
2824,obogaćívati,7
2825,obògatiti,3
2826,obòist,3
2827,obòistica,3
2828,obòističin,3
2829,obòjati,3
2830,ȍboje,1
2831,òbojen,1
2832,obòjica,3
2833,obòjiti,3
2834,obolijévati,7
2835,oboljénje,6
2836,obòljeti,3
2837,òbor,1
2838,òborina,1
2839,òborīnskī,1
2840,obòriti,3
2841,p,0
2842,Pa,0
2843,pȁ,2
2844,pàbirak,2
2845,pàbīrčiti,2
2846,pacìjent,4
2847,pacìjentica,4
2848,pacìjentičin,4
2849,pȁčād,2
2850,pȁče,2
2851,pȁčić,2
2852,pȁčjī,2
2853,pȁćenica,2
2854,pȁćeničin,2
2855,pȁćeničkī,2
2856,pȁćenīk,2
2857,pȃd,2
2858,pȁdalina,2
2859,pȁdānje,2
2860,pȁdati,2
2861,pȁdavica,2
2862,pȁdavičnī,2
2863,pádež,2
2864,pádežnī,2
2865,pàdina,2
2866,pȁdobrān,2
2867,padobránac,7
2868,padobránčev,7
2869,padòbrānka,4
2870,pȁdobrānskī,2
2871,pàgoda,2
2872,pȁhōvka,2
2873,pàhulja,2
2874,pahùljica,4
2875,pàjac,2
2876,pȁk,2
2877,pàkao,2
2878,pàkēt,2
2879,pakètić,4
2880,pakírati,4
2881,pàklina,2
2882,pȁkōst,2
2883,pȁkostan,2
2884,pakpàpīr,5
2885,pȁkt,2
2886,pȁlac,2
2887,pàlača,2
2888,palačínka,6
2889,palàmīda,4
2890,palàtāl,4
2891,palatalizácija,10
2892,palàtālnī,4
2893,pàlčić,2
2894,pàlēnta,2
2895,pȁleocēn,2
2896,paleògraf,5
2897,paleogràfija,8
2898,paleògrafskī,5
2899,paleolìtik,7
2900,paleontòlog,8
2901,paleontològija,10
2902,paleontòloškī,8
2903,paleozòik,7
2904,pȁlica,2
2905,pàlikuća,2
2906,páliti,2
2907,pȃlma,2
2908,pȃlmin,2
2909,palmìtīn,5
2910,palmìtīnskī,5
2911,pàluba,2
2912,palùcati,4
2913,pàljba,2
2914,pȃljenica,2
2915,páljēnje,2
2916,paljétak,5
2917,pàljetkovānje,2
2918,pàljetkovati,2
2919,pàljevina,2
2920,pȃmćēnje,2
2921,pȁmēt,2
2922,pȁmetan,2
2923,pȁmetno,2
2924,pȁmetovati,2
2925,pȃmpa,2
2926,pȃmtiti,2
2927,pàmtivijēk,2
2928,pàmučan,2
2929,pàmučnī,2
2930,pàmuk,2
2931,pánda,2
2932,pandèmija,5
2933,pàndža,2
2934,pangermanìzam,10
2935,pàničan,2
2936,pànika,2
2937,panírānje,4
2938,panírati,4
2939,pànō,2
2940,pantéra,5
2941,pȃnj,2
2942,pȃpa,2
2943,papàgāj,4
2944,pápak,2
2945,pàpar,2
2946,pȁpati,2
2947,pàpiga,2
2948,papìlōm,4
2949,pȃpīnskī,2
2950,pàpīr,2
2951,papìrnat,4
2952,pàpīrnī,2
2953,papírnica,4
2954,pàpirus,2
2955,pȁpkār,2
2956,pȁpkārskī,2
2957,pȁprāt,2
2958,papràtnjača,5
2959,pàprika,2
2960,pàpuča,2
2961,pàpučica,2
2962,pȃr,2
2963,pàra,2
2964,pȁra,2
2965,paràbola,4
2966,paráda,4
2967,pàrādnī,2
2968,paràdoks,4
2969,pȁradoksālan,2
2970,paradoksálnōst,9
2971,paràfīn,4
2972,paràfīnskī,4
2973,paralèla,6
2974,pȁralēlan,2
2975,paralelògram,8
2976,paralíza,6
2977,pȁrametar,2
2978,pȃran,2
2979,paràngāl,4
2980,paranòja,6
2981,parasimpàtikus,9
2982,párati,2
2983,pȁravōjnī,2
2984,paràzīt,4
2985,parazitològija,10
2986,parazitòloškī,8
2987,paràzītskī,4
2988,parènhīm,4
2989,parènhīmskī,4
2990,párēnje,2
2991,pàrfēm,2
2992,páriti,2
2993,pȁriti,2
2994,pȁrk,2
2995,pàrkēt,2
2996,parkíralīšte,5
2997,parkírānje,5
2998,parkírati,5
2999,parlàment,5
3000,pȁrlamentārnī,2
3001,pȃrnī,2
3002,párnica,2
3003,párničnī,2
3004,parnopr̀stāš,8
3005,pȃrnjāk,2
3006,pȁrobrōd,2
3007,pȁrobrodskī,2
3008,paròdija,4
3009,paròdījskī,4
3010,pȁromlin,2
3011,parònīm,4
3012,pȁrožak,2
3013,pàrtija,2
3014,pàrtījskī,2
3015,partitúra,7
3016,partìzān,5
3017,partìzānka,5
3018,partìzānskī,5
3019,pàrtner,2
3020,pàrtnerica,2
3021,pàrtneričin,2
3022,pàrtnerskī,2
3023,pȁs,2
3024,pȃs,2
3025,pàsāt,2
3026,Pȁsha,2
3027,pȁshālnī,2
3028,pàsija,2
3029,pȁsīv,2
3030,r,0
3031,rȁbijātan,2
3032,rȁbijātno,2
3033,ràbīn,2
3034,ràbīnskī,2
3035,rábiti,2
3036,rábljēnje,2
3037,rȃcija,2
3038,rȁcionālan,2
3039,racionàlist,7
3040,racionàlistica,7
3041,racionàlističin,7
3042,racionalìstičkī,9
3043,racionalizácija,11
3044,racionalìzam,9
3045,racionalizírati,11
3046,racionálnōst,7
3047,rȁčić,2
3048,rȁčjī,2
3049,ràčūn,2
3050,rȁčunālnī,2
3051,račùnalo,4
3052,računálstvo,6
3053,račùnānje,4
3054,račùnati,4
3055,račùnica,4
3056,računovòdstvenī,8
3057,računovòdstvo,8
3058,računòvođa,6
3059,računòvotkinja,6
3060,ràčūnskī,2
3061,rȁčvati,2
3062,rȁčve,2
3063,rȃd,2
3064,rad,0
3065,rȁdār,2
3066,rȁdārskī,2
3067,rȁdi,2
3068,ràdīč,2
3069,rȃdij,2
3070,radijácija,6
3071,radìjān,4
3072,radìjātor,4
3073,rȃdijev,2
3074,rȃdījskī,2
3075,rȃdijus,2
3076,radìkāl,4
3077,rȁdikālan,2
3078,rádilica,2
3079,ràdin,2
3080,ràdinōst,2
3081,rȃdio,2
3082,radioàktīvan,6
3083,radioaktívnōst,9
3084,radioamàtēr,8
3085,radioamàtērka,8
3086,radioamàtērskī,8
3087,radioamatèrstvo,10
3088,radioapàrāt,8
3089,rȃdiodrama,2
3090,radioemìsija,8
3091,radiofàrmak,7
3092,radioìgra,6
3093,radioìgrokāz,6
3094,radiòlog,5
3095,radiòlogija,5
3096,radiòloginja,5
3097,radiòloškī,5
3098,radiònica,5
3099,radiopòstaja,7
3100,radioprijénos,10
3101,radioprògram,8
3102,radiostànica,8
3103,radiotèhnika,7
3104,rȃdiovāl,2
3105,ràdišan,2
3106,ràdišnōst,2
3107,ráditi,2
3108,rȃdnī,2
3109,rȃdnica,2
3110,rȃdničin,2
3111,rȃdničkī,2
3112,rȃdnīk,2
3113,rȃdnīštvo,2
3114,rádnja,2
3115,rȁdo,2
3116,radohòličār,6
3117,radohòličārev,6
3118,radohòličārka,6
3119,radohòličārov,6
3120,rȁdosnica,2
3121,rȁdosno,2
3122,rȁdōst,2
3123,rȁdostan,2
3124,rȁdovānje,2
3125,rȁdovati,2
3126,radòznalac,4
3127,radoználčev,7
3128,radòznalica,4
3129,radòznaličin,4
3130,radòznalōst,4
3131,radòznao,4
3132,ráđānje,2
3133,rađaònica,5
3134,ráđati,2
3135,ràfāl,2
3136,rafinèrija,6
3137,rafinèrījskī,6
3138,rafìnīrān,4
3139,ràgbi,2
3140,ragbìjāš,5
3141,ragbijàšica,7
3142,ragbijàšičin,7
3143,ragbìjāškī,5
3144,ràgū,2
3145,rȁhao,2
3146,rahìtis,4
3147,rȁhliti,2
3148,rȃj,2
3149,rája,2
3150,rȃjčica,2
3151,rȃjskī,2
3152,rȁk,2
3153,rȁka,2
3154,rakèta,4
3155,raketírānje,6
3156,raketírati,6
3157,ràketnī,2
3158,rȁketoplān,2
3159,ràkija,2
3160,ràkita,2
3161,rȁkovica,2
3162,ràkūn,2
3163,ràkurs,2
3164,rȃl,2
3165,rȁlica,2
3166,rȁlo,2
3167,rȁlje,2
3168,ramàzān,4
3169,ramàzānskī,4
3170,rȁme,2
3171,rȁmenī,2
3172,ramenonóžac,8
3173,rámpa,2
3174,ràmstek,2
3175,rȁna,2
3176,ránac,2
3177,rȁnč,2
3178,rȁnčer,2
3179,rȁnčerica,2
3180,rȁnčeričin,2
3181,rȁnčerskī,2
3182,rȁng,2
3183,rȃnī,2
3184,rȁnica,2
3185,rànijē,2
3186,rȁniti,2
3187,rȁno,2
3188,ranokr̀šćānskī,7
3189,ranorànilac,6
3190,ranorànilica,6
3191,ranoràniličin,6
3192,ranoràniočev,6
3193,ranžírānje,5
3194,ranžírati,5
3195,rànžīrnī,2
3196,ranjávati,5
3197,rȁnjenica,2
3198,rȁnjeničin,2
3199,rȁnjenīk,2
3200,rànjiv,2
3201,rànjivōst,2
3202,rȁonīk,2
3203,rapsòdija,5
3204,rarìtēt,4
3205,rȁsa,2
3206,rasáditi,4
3207,rásadnīk,2
3208,rasađívati,6
3209,rȁsan,2
3210,ràsaniti,2
3211,rasanjívati,7
3212,rascijépiti,7
3213,ráscjep,2
3214,ràscjepkānōst,2
3215,ràscjepkati,2
3216,ràscvalī,2
3217,ràscvasti,2
3218,rascvjètalī,7
3219,rascvjètati,7
3220,s,0
3221,sa,0
3222,S,0
3223,sabíjati,4
3224,sàbirati,2
3225,sàbīrnī,2
3226,sàbīrnica,2
3227,sàbiti,2
3228,sȁblāst,2
3229,sȁblāstan,2
3230,sȁblāzan,2
3231,sablázniti,5
3232,sablažnjávati,9
3233,sablàžnjiv,5
3234,sablažnjívati,9
3235,sȁblja,2
3236,sàbljan,2
3237,sȁbljārka,2
3238,sȁbljast,2
3239,sábor,2
3240,sáborskī,2
3241,sàbrati,2
3242,sȁčma,2
3243,sačúvati,4
3244,sȁće,2
3245,sȁd,2
3246,sàda,2
3247,sàdašnjī,2
3248,sàdašnjica,2
3249,sàdašnjōst,2
3250,sàdist,2
3251,sàdistica,2
3252,sàdističin,2
3253,sadìstičkī,4
3254,sáditi,2
3255,sadìzam,4
3256,sádnica,2
3257,sádnja,2
3258,sȁdra,2
3259,sȁdren,2
3260,sȁdržāj,2
3261,sȁdržājan,2
3262,sȁdržājnī,2
3263,sadr̀žati,5
3264,sadržávati,6
3265,sáđēnje,2
3266,sàfāri,2
3267,sȃg,2
3268,sagíbati,4
3269,sàginjati,2
3270,saglédānje,5
3271,saglédati,5
3272,sàgledati,2
3273,sagledávānje,7
3274,sagledávati,7
3275,saglèdiv,5
3276,saglèdivōst,5
3277,sàgnuti,2
3278,sàgnjiti,2
3279,sagorijévānje,8
3280,sagorijévati,8
3281,sagòrjeti,4
3282,sagráditi,5
3283,sagrijéšiti,7
3284,sahàrīd,4
3285,saharóza,6
3286,sàhel,2
3287,sàhrana,2
3288,sahrániti,5
3289,sahranjívati,8
3290,sájam,2
3291,sàkat,2
3292,sàkatiti,2
3293,sàkō,2
3294,sàkrālnī,2
3295,sakràment,5
3296,sakrìstija,5
3297,sàkriti,2
3298,sakrívānje,5
3299,sakrívati,5
3300,sȁksofōn,2
3301,saksofònist,7
3302,saksofònistica,7
3303,saksofònističin,7
3304,sàkupiti,2
3305,sakúpljati,4
3306,saláma,4
3307,sàlāš,2
3308,saláta,4
3309,salijétati,6
3310,salinìtēt,6
3311,sàlitra,2
3312,salmonèla,7
3313,sȁlo,2
3314,sàlōn,2
3315,sàlōnskī,2
3316,sȃlpa,2
3317,salutírati,6
3318,salvèta,5
3319,sȃm,2
3320,sàmilōst,2
3321,sàmljeti,2
3322,sȁmo,2
3323,samòća,4
3324,samòglasničkī,4
3325,samòglasnīk,4
3326,sȁmohodnī,2
3327,samoindùkcija,8
3328,sȁmokrijēs,2
3329,samoljèpljiv,7
3330,samònikao,4
3331,samoòbrana,5
3332,samooprašívānje,10
3333,samoposlužívānje,11
3334,samopoštovánje,11
3335,samopotvrđívānje,11
3336,samopòuzdān,6
3337,samopouzdánje,10
3338,samoprijégor,9
3339,samoprijégōran,9
3340,samopròglāšenī,7
3341,samopròvjera,7
3342,samorazùmljiv,8
3343,samòrodnī,4
3344,sȁmostālan,2
3345,samostálnōst,7
3346,sȁmostān,2
3347,sȁmostānskī,2
3348,sȁmostōjan,2
3349,samostòjēćī,7
3350,samostójnōst,7
3351,sȁmosvjēstan,2
3352,sȁmotan,2
3353,sȁmotnica,2
3354,sȁmotničin,2
3355,sȁmotničkī,2
3356,sȁmotnīk,2
3357,samoùbojica,5
3358,samoùbojičin,5
3359,samoùbōjstvo,5
3360,samòuk,4
3361,samoùprava,5
3362,samoùpravljānje,5
3363,samoùprāvnī,5
3364,samoùvjeren,5
3365,samoùvjerenōst,5
3366,samòvānje,4
3367,samòvati,4
3368,sȁmovōljan,2
3369,samozadovoljávānje,13
3370,samozadovoljávati,13
3371,samozàtājan,6
3372,samozàtājnōst,6
3373,samòznačan,4
3374,samòzvānī,4
3375,samòživ,4
3376,sàmrtnica,2
3377,sàmrtničin,2
3378,sàmrtničkī,2
3379,sàmrtnīk,2
3380,samùrāj,4
3381,sȁn,2
3382,sandála,5
3383,sàndučić,2
3384,sànduk,2
3385,sàndžak,2
3386,sanitàrije,6
3387,sȁnitārnī,2
3388,sanìtēt,4
3389,sanìtētskī,4
3390,sànskrt,2
3391,sȃnta,2
3392,sánja,2
3393,sànjānje,2
3394,sànjār,2
3395,sanjárēnje,5
3396,sanjárev,5
3397,sanjàrica,5
3398,sanjàričin,5
3399,sanjàrija,5
3400,sanjáriti,5
3401,sànjārka,2
3402,sanjárov,5
3403,sànjārskī,2
3404,sànjati,2
3405,sȃnjkānje,2
3406,sȃnjkati,2
3407,sȃnjke,2
3408,saònice,3
3409,t,0
3410,T,0
3411,tȃ,2
3412,tàban,2
3413,tàbela,2
3414,tȁbelārnī,2
3415,tábla,2
3416,tablèta,5
3417,tàblica,2
3418,tàbličnī,2
3419,tȃbor,2
3420,tȃborīšte,2
3421,tȃborskī,2
3422,tàbū,2
3423,tȁčke,2
3424,tȁći,2
3425,tȁd,2
3426,tàda,2
3427,tàdašnjī,2
3428,tàdžičkī,2
3429,tagàlog,4
3430,tȁhigraf,2
3431,tȁhometar,2
3432,tȃj,2
3433,tȃjan,2
3434,tajànstven,4
3435,tàjfūn,2
3436,tȁjga,2
3437,tájiti,2
3438,tȃjna,2
3439,tȃjnī,2
3440,tȃjnica,2
3441,tȃjničin,2
3442,tȃjničkī,2
3443,tȃjnīk,2
3444,tȃjnīkov,2
3445,tȃjnīštvo,2
3446,tȃjno,2
3447,tájnōst,2
3448,tajnòvit,5
3449,tajnòvitōst,5
3450,tàkav,2
3451,tàkmac,2
3452,takmàčev,5
3453,tȁkmičār,2
3454,tȁkmičārev,2
3455,tȁkmičārka,2
3456,tȁkmičārov,2
3457,tȁkmičārskī,2
3458,tȁkmičēnje,2
3459,tȁkmičiti,2
3460,tȁkmiti,2
3461,tàknuti,2
3462,tàkō,2
3463,takóđer,4
3464,takòzvānī,4
3465,tȁksa,2
3466,tàksi,2
3467,tàksimetar,2
3468,tàksist,2
3469,tàksistica,2
3470,tàksističin,2
3471,tȁkt,2
3472,tàktičan,2
3473,tàktičkī,2
3474,tàktičnōst,2
3475,tàktika,2
3476,tȁktīlan,2
3477,taktírānje,5
3478,taktírati,5
3479,tȁlac,2
3480,tȁlās,2
3481,tȁlāsni,2
3482,tàlent,2
3483,talèntīrān,4
3484,talèntīrānōst,4
3485,talijànāš,6
3486,talijanàšica,8
3487,talijanàšičin,8
3488,talijànāškī,6
3489,talijànist,6
3490,talijànistica,6
3491,talijànističin,6
3492,talijanìstičkī,8
3493,talijanìstika,8
3494,talijanizácija,10
3495,talijanìzam,8
3496,talijanizírati,10
3497,talìjānskī,4
3498,tȁlina,2
3499,taliònica,5
3500,tȁlīšte,2
3501,táliti,2
3502,tálog,2
3503,táložēnje,2
3504,táložiti,2
3505,táljēnje,2
3506,táma,2
3507,táman,2
3508,tamániti,4
3509,tàmaris,2
3510,tàmbura,2
3511,tambùrāš,5
3512,tamburàšica,7
3513,tamburàšičin,7
3514,tambùrāškī,5
3515,tàmburica,2
3516,tambùrīn,5
3517,tàmjan,2
3518,tàmnica,2
3519,tàmničār,2
3520,tàmničārev,2
3521,tàmničārka,2
3522,tàmničārov,2
3523,tàmničkī,2
3524,támniti,2
3525,tamnocr̀ven,8
3526,tamnòkos,5
3527,támnoljubičast,2
3528,támnoplāv,2
3529,tamnòput,5
3530,tamnòputan,5
3531,támnosīv,2
3532,támnosmeđ,2
3533,támnozelen,2
3534,támnožūt,2
3535,támnjeti,2
3536,tȁmo,2
3537,tàmpōn,2
3538,tàmpōn-zóna,2
3539,tȁnād,2
3540,Tànah,2
3541,tȁnāhan,2
3542,tȁnak,2
3543,tančìna,5
3544,tȁne,2
3545,tàngens,2
3546,tangènta,5
3547,tȁngo,2
3548,tànker,2
3549,tànko,2
3550,tankòćutan,5
3551,tankòćutnōst,5
3552,tànjūr,2
3553,tanjùrača,5
3554,tanjùrati,5
3555,tȁočev,2
3556,tȁokinja,2
3557,tapèta,4
3558,tapètār,4
3559,tapetárev,6
3560,tapetàrica,6
3561,tapetàričin,6
3562,tapetárov,6
3563,tapètārskī,4
3564,tapetárstvo,6
3565,tàpīr,2
3566,tapisèrija,6
3567,tapìsōn,4
3568,tȁpkati,2
3569,taràntula,4
3570,tarífa,4
3571,tàrīfnī,2
3572,tariònīk,5
3573,tàrtūf,2
3574,tȃst,2
3575,tastatúra,7
3576,tȁšt,2
3577,tȁšta,2
3578,taštìna,5
3579,tȃt,2
3580,tȁta,2
3581,tàtica,2
3582,tȁtica,2
3583,tàtičin,2
3584,tȁtičin,2
3585,tȁva,2
3586,tàvan,2
3587,tavànica,4
3588,tàvanskī,2
3589,TBC,0
3590,tȇ,2
3591,te,0
3592,tèātar,2
3593,tȅbe,2
3594,tȅbi,2
3595,tȅčāj,2
3596,tȅčājnī,2
3597,tȅčan,2
3598,tȅčno,2
3599,u,0
3600,ȗ,1
3601,ȕā,1
3602,ubáciti,3
3603,ubacívānje,5
3604,ubacívati,5
3605,ȕbačāj,1
3606,ubádati,3
3607,ȕbav,1
3608,ubíjānje,3
3609,ubíjati,3
3610,ùbirānje,1
3611,ùbirati,1
3612,ùbiti,1
3613,ublažávati,6
3614,ublážiti,4
3615,ublažívati,6
3616,ùbod,1
3617,ùbog,1
3618,ùbojica,1
3619,ùbojičin,1
3620,ùbojit,1
3621,ubòjstvo,3
3622,ùbosti,1
3623,ubrájati,4
3624,ùbrati,1
3625,ùbrizgati,1
3626,ubrizgávānje,7
3627,ubrizgávati,7
3628,ubròjiti,4
3629,ubròjiv,4
3630,ubròjivōst,4
3631,ùbrus,1
3632,ȕbrzān,1
3633,ȕbrzāno,1
3634,ubrzánje,5
3635,ubr̀zati,4
3636,ubrzávānje,5
3637,ubrzávati,5
3638,ȕbr̄zo,1
3639,ubùdūće,3
3640,ucijéniti,5
3641,ȕcjena,1
3642,ucjenjìvāč,7
3643,ucjenjivàčica,9
3644,ucjenjivàčičin,9
3645,ucjenjívānje,7
3646,ucjenjívati,7
3647,ùcrtati,1
3648,ucrtávānje,5
3649,ucrtávati,5
3650,ùcvīljen,1
3651,ȕčen,1
3652,ȕčenica,1
3653,ȕčeničin,1
3654,ȕčeničkī,1
3655,ȕčenīk,1
3656,ȕčenōst,1
3657,ùčēnje,1
3658,ùčesnica,1
3659,ùčesnīk,1
3660,učèstalōst,3
3661,učèstao,3
3662,ùčestvovānje,1
3663,ùčestvovati,1
3664,učetverostručávati,14
3665,učetveròstručiti,8
3666,učetverostručívati,14
3667,ùčilīšte,1
3668,ùčinak,1
3669,učìniti,3
3670,učinkòvit,6
3671,učinkòvitōst,6
3672,učiònica,4
3673,učìtati,3
3674,učitávānje,5
3675,učitávati,5
3676,ùčitelj,1
3677,učitèljica,5
3678,učitèljičin,5
3679,ùčiteljskī,1
3680,ùčiti,1
3681,učlániti,4
3682,učlanjívati,7
3683,učvŕstiti,4
3684,učvršćìvāč,7
3685,učvršćívānje,7
3686,učvršćívati,7
3687,ȗći,1
3688,ȗd,1
3689,ȕdāh,1
3690,udàhnuti,3
3691,ȕdaja,1
3692,ȕdālj,1
3693,udaljávānje,6
3694,udaljávati,6
3695,ùdāljen,1
3696,ùdāljenōst,1
3697,událjiti,3
3698,udaljívānje,6
3699,udaljívati,6
3700,ȕdār,1
3701,ùdarac,1
3702,udàrāljka,3
3703,udaràljkāš,5
3704,udaraljkàšica,9
3705,udaraljkàšičin,9
3706,udaràljkāškī,5
3707,ùdarati,1
3708,ùdariti,1
3709,ùdati,1
3710,ȕdāv,1
3711,udàvača,3
3712,udávati,3
3713,udáviti,3
3714,ùdāvka,1
3715,udèbljati,3
3716,ȕdesno,1
3717,ȕdica,1
3718,udičárēnje,5
3719,udičáriti,5
3720,udijéliti,5
3721,ùdio,1
3722,ȕdisāj,1
3723,ùdisānje,1
3724,ùdisati,1
3725,ùdjel,1
3726,udjeljívati,7
3727,údo,1
3728,ùdoban,1
3729,ùdobno,1
3730,udóbnōst,3
3731,udobrovoljávati,11
3732,udobrovòljiti,8
3733,ùdolina,1
3734,udomáćiti,5
3735,udomaćívati,7
3736,udòmiti,3
3737,udomljávati,7
3738,udomljívati,7
3739,udostòjiti,6
3740,udòvac,3
3741,udóvčev,3
3742,udòvica,3
3743,udòvičin,3
3744,udòvičkī,3
3745,ùdruga,1
3746,udružénje,6
3747,udrúžiti,4
3748,udružívānje,6
3749,udružívati,6
3750,ùdubina,1
3751,udúbiti,3
3752,udubljénje,7
3753,udubljívati,7
3754,udvàrāč,4
3755,udvaràčica,6
3756,udvaràčičin,6
3757,udvárānje,4
3758,udvárati,4
3759,udvostručávati,10
3760,udvòstručiti,4
3761,udvostručívati,10
3762,ȕdžbeničkī,1
3763,ȕdžbenīk,1
3764,ȕf,1
3765,ȕfānje,1
3766,ȕfati,1
3767,ugáđānje,3
3768,ugáđati,3
3769,uganúće,5
3770,ȕgao,1
3771,ugásiti,3
3772,ùgaziti,1
3773,ugíbati,3
3774,uginúće,5
3775,ùginuti,1
3776,ùglađen,1
3777,ȕglās,1
3778,ùglat,1
3779,uglàvnōm,4
3780,uglàzbiti,4
3781,ȕglēd,1
3782,ȕglēdan,1
3783,ùgledati,1
3784,uglédati,4
3785,ȕglēdnica,1
3786,v,0
3787,V,0
3788,vábiti,2
3789,vábljēnje,2
3790,vȃdi,2
3791,vàdičep,2
3792,vȁditi,2
3793,vága,2
3794,vágānje,2
3795,vágati,2
3796,vagína,4
3797,vàgōn,2
3798,vakùola,4
3799,vákuum,2
3800,vakuumírati,7
3801,vákuumskī,2
3802,vȃl,2
3803,vàlcer,2
3804,valèncija,4
3805,valèncījskī,4
3806,valèntnī,4
3807,valèntnōst,4
3808,vȃlnī,2
3809,vàlōnskī,2
3810,valòvit,4
3811,valúta,4
3812,váljak,2
3813,vȁljān,2
3814,vȁljānōst,2
3815,vàljati,2
3816,váljati,2
3817,vàljda,2
3818,váljēnje,2
3819,vȁljkast,2
3820,vàljušak,2
3821,valjùškati,5
3822,vam,0
3823,vȁma,2
3824,vàmpīr,2
3825,vàmpīrskī,2
3826,vȁn,2
3827,vànbračnī,2
3828,vàndāl,2
3829,vandalìzam,7
3830,vàndālskī,2
3831,vàni,2
3832,vànīlija,2
3833,vànredan,2
3834,vanzemáljac,7
3835,vànjskī,2
3836,vanjštìna,7
3837,vȁpāj,2
3838,vápiti,2
3839,vapnénac,5
3840,vapnènačkī,5
3841,vàpnenī,2
3842,vápno,2
3843,vȁralica,2
3844,vȁraličin,2
3845,vȁrānje,2
3846,vȁrati,2
3847,vȁrav,2
3848,várēnje,2
3849,varìčela,4
3850,varijabílnōst,8
3851,varijácija,6
3852,varijànta,6
3853,varìola,4
3854,varírati,4
3855,váriti,2
3856,vȁrīvo,2
3857,vȃrka,2
3858,vàrljiv,2
3859,vároš,2
3860,várošanin,2
3861,várošānka,2
3862,vároškī,2
3863,vȃs,2
3864,vȁš,2
3865,vȃt,2
3866,vȁta,2
3867,vaterpòlist,7
3868,vaterpòlistica,7
3869,vaterpòlističin,7
3870,vȁterpolo,2
3871,vȁterpolskī,2
3872,vȁtra,2
3873,vȁtren,2
3874,vȁtrenī,2
3875,vatrogásac,7
3876,vȁtrogāsnī,2
3877,vatrogáščev,7
3878,vȁtromēt,2
3879,vȁtrostālnī,2
3880,vȁu,2
3881,váza,2
3882,vàzāl,2
3883,vàzālnī,2
3884,vȁzda,2
3885,vazdazèlen,7
3886,vážan,2
3887,vážiti,2
3888,vážnōst,2
3889,vȅčē,2
3890,vȅčēr,2
3891,vèčera,2
3892,večèras,4
3893,večèrašnjī,4
3894,vèčerati,2
3895,večerávati,6
3896,vèčērnjī,2
3897,vȅć,2
3898,većìna,4
3899,većìnōm,4
3900,vȅdar,2
3901,vedrìna,5
3902,vedùta,4
3903,vegetácija,6
3904,vegetarijánac,10
3905,vegetarijánčev,10
3906,vegetarìjānka,8
3907,vegetarìjānskī,8
3908,vegetarijànstvo,10
3909,vȅgetatīvnī,2
3910,vȅktor,2
3911,vȅktorskī,2
3912,vèlār,2
3913,vèlārnī,2
3914,vèlēban,2
3915,velečàsnī,6
3916,vȅlegrād,2
3917,vȅlegradskī,2
3918,veleìzdaja,5
3919,veleìzdajica,5
3920,veleìzdajičin,5
3921,veleìzdājnica,5
3922,veleìzdājničin,5
3923,veleìzdājnīčkī,5
3924,veleìzdājnīk,5
3925,velepósjed,6
3926,velepósjednica,6
3927,velepósjedničin,6
3928,velepósjedničkī,6
3929,velepósjednīk,6
3930,veleposlànica,9
3931,veleposlàničin,9
3932,veleposlànīčkī,9
3933,veleposlànīk,9
3934,veleposlànstvo,9
3935,velesájam,6
3936,velesájamskī,6
3937,vȅlesila,2
3938,veleslálom,7
3939,veleštòvānī,7
3940,veletr̀govac,7
3941,veletr̀govačkī,7
3942,veletr̀gōvčev,7
3943,veletrgòvina,8
3944,veletr̀govīnskī,7
3945,veletr̀gōvkinja,7
3946,veleùčilīšte,5
3947,veličànstven,6
3948,veličànstvenōst,6
3949,veličànstvo,6
3950,velìčānje,4
3951,velìčati,4
3952,veličìna,6
3953,vèlik,2
3954,velìkān,4
3955,velìkānka,4
3956,velìkāš,4
3957,velikàšica,6
3958,velikàšičin,6
3959,velìkāškī,4
3960,velikodóstōjnica,8
3961,velikodóstōjničin,8
3962,velikodóstōjnīk,8
3963,velikòdušan,6
3964,velikòdušnōst,6
3965,vèlīm,2
3966,vȅlškī,2
3967,vèljača,2
3968,vèljačkī,2
3969,vèljeti,2
3970,vèljotskī,2
3971,vȇna,2
3972,Vènera,2
3973,vȇnskī,2
3974,vèntīl,2
3975,ventilácija,7
3976,z,0
3977,Z,0
3978,za,0
3979,zàbāčen,2
3980,zȁbat,2
3981,zàbava,2
3982,zàbāvan,2
3983,zàbaviti,2
3984,zabàvljāč,4
3985,zabavljàčica,8
3986,zabavljàčičin,8
3987,zàbavljānje,2
3988,zàbavljati,2
3989,zàbāvnī,2
3990,zabezéknuti,6
3991,zabíjānje,4
3992,zabíjati,4
3993,zabìlježiti,4
3994,zȁbīt,2
3995,zȁbītan,2
3996,zàbiti,2
3997,zàblatiti,2
3998,zabléjati,5
3999,zablìstati,5
4000,zàbluda,2
4001,zablúdjeti,5
4002,zabòljeti,4
4003,zȁborāv,2
4004,zȁborāvan,2
4005,zabòraviti,4
4006,zabòravljati,4
4007,zaboràvljiv,6
4008,zaboràvljivōst,6
4009,zȁborāvnōst,2
4010,zàbrana,2
4011,zabrániti,5
4012,zabranjívānje,8
4013,zabranjívati,8
4014,zàbraviti,2
4015,zabrázditi,5
4016,zàbrbljati,2
4017,zàbrinūt,2
4018,zàbrinuti,2
4019,zàbrinūtōst,2
4020,zabŕljati,4
4021,zabrùndati,5
4022,zàbuna,2
4023,zacementírati,9
4024,zacijéliti,6
4025,zȁcijēlo,2
4026,zacijéljeti,6
4027,zacjeljívati,8
4028,zacvíljeti,5
4029,zacvrkùtati,7
4030,začàhuriti,4
4031,zàčārānōst,2
4032,začárati,4
4033,zàčas,2
4034,začéće,4
4035,záčēlje,2
4036,začèpiti,4
4037,začepljívānje,8
4038,začepljívati,8
4039,začétak,4
4040,zàčēti,2
4041,zàčetnica,2
4042,zàčetničin,2
4043,zàčetnīk,2
4044,záčin,2
4045,začìniti,4
4046,záčinskī,2
4047,začínjati,4
4048,zàčinjati,2
4049,začínjavac,4
4050,začínjāvčev,4
4051,záčudan,2
4052,zàčuditi,2
4053,záčudnōst,2
4054,zàčuđenōst,2
4055,začùđujūćī,4
4056,zàčuti,2
4057,zȃći,2
4058,zàdaća,2
4059,zàdaćnica,2
4060,zȁdāh,2
4061,zádak,2
4062,zadániti,4
4063,zadátak,4
4064,zàdati,2
4065,zadávati,4
4066,zadáviti,4
4067,zadèbljao,4
4068,zadèbljati,4
4069,zadèrati,4
4070,zàdesiti,2
4071,zadíhati,4
4072,zadijévati,6
4073,zàdimiti,2
4074,zàdimljen,2
4075,zàdimljenōst,2
4076,zàdirati,2
4077,zadirkívati,7
4078,zadíviti,4
4079,zadivljávati,8
4080,zadivljívati,8
4081,zàdjenuti,2
4082,zàdjeti,2
4083,zȁdnjī,2
4084,zadòbiti,4
4085,zadobívati,6
4086,zȁdovōljan,2
4087,zadovoljávajūće,9
4088,zadovoljávajūćī,9
4089,zadovoljávānje,9
4090,zadovoljávati,9
4091,zadòvoljen,4
4092,zadovòljiti,6
4093,zadovóljstvo,6
4094,zadovòljština,6
4095,zadr̀htati,5
4096,zadrijémati,7
4097,zádrška,2
4098,zàdruga,2
4099,zàdrugār,2
4100,zàdrugārev,2
4101,zàdrugārka,2
4102,zàdrugārov,2
4103,zàdružnī,2
4104,zadr̀žati,5
4105,zadržávānje,6
4106,zadržávati,6
4107,zadúbiti,4
4108,zadubljívati,8
4109,zàdugo,2
4110,zádušnica,2
4111,zàdūženōst,2
4112,zadužénje,6
4113,zadúžiti,4
4114,zadužívānje,6
4115,zadužívati,6
4116,zafrkàncija,6
4117,zafrkávānje,6
4118,zafrkávati,6
4119,zàfrknuti,2
4120,zàgaditi,2
4121,zàgađenōst,2
4122,zagađénje,6
4123,zagađìvāč,6
4124,zagađívānje,6
4125,zagađívati,6
4126,zagalámiti,6
4127,zàgasit,2
4128,záglavak,2
4129,zaglavìnjati,7
4130,zàglāvlje,2
4131,zaglédati,5
4132,zàgledati,2
4133,zaglíbiti,5
4134,zagnòjiti,5
4135,zagnjúriti,6
4136,zagolìcati,6
4137,zȁgonētan,2
4138,zȁgonētka,2
4139,zȁgora,2
4140,zagorčávati,7
4141,zagòrčiti,4
4142,zagorčívati,7
4143,zágōrje,2
4144,zágorskī,2
4145,zagovàratelj,6
4146,zagovaratèljica,10
4147,zagovaratèljičin,10
4148,zagovárati,6
4149,zàgovornica,2
4150,zàgovorničin,2
4151,zàgovornīk,2
4152,zàgrabiti,2
4153,zàgrada,2
4154,zàgrcnuti,2
4155,zagrèbati,5
4156,zàgrepsti,2
4157,zàgrijān,2
4158,zàgrijati,2
4159,zagrijávānje,7
4160,zagrijávati,7
4161,zàgristi,2
4162,zàgriz,2
4163,zàgrliti,2
4164,zȁgrljāj,2
4165,zagr̀mjeti,5
